<?xml version="1.0" encoding="UTF-8"?>
<info version="1.1">
  <general>
    <createDate>2009-06-24T12:00:00</createDate>
    <changeDate>2012-01-17T09:15:25</changeDate>
    <schema>iso19139.che</schema>
    <isTemplate>false</isTemplate>
    <localId>427</localId>
    <format>full</format>
    <rating>0</rating>
    <popularity>5882</popularity>
    <uuid>52a80350-0a23-487b-a164-8d5e7686336e</uuid>
    <siteId>7ea582d4-9ddf-422e-b28f-29760a4c0147</siteId>
    <siteName>_geocat.ch direct partners</siteName>
  </general>
  <categories />
  <privileges>
    <group name="swisstopo" groupOwner="true">
      <operation name="view" />
      <operation name="download" />
    </group>
  </privileges>
  <public />
  <private />
</info>

