<?xml version="1.0" encoding="UTF-8"?>
<info version="1.1">
  <general>
    <createDate>2023-11-17T01:51:34Z</createDate>
    <changeDate>2023-11-17T01:51:34Z</changeDate>
    <schema>iso19115-3.2018</schema>
    <isTemplate>s</isTemplate>
    <localId>143</localId>
    <format>full</format>
    <rating>0</rating>
    <popularity>0</popularity>
    <uuid>4f6f35a8-e4ee-47f3-ba34-9c52d610c51c</uuid>
    <siteId>be0f9768-b0f2-4019-a913-8504f433ae5b</siteId>
    <siteName>Test-ANZMetLite</siteName>
  </general>
  <categories />
  <privileges>
    <group name="all" groupOwner="true">
      <operation name="view" />
      <operation name="notify" />
    </group>
  </privileges>
  <public />
  <private />
</info>

