<?xml version="1.0" encoding="UTF-8"?>
<info version="1.1">
  <general>
    <createDate>2009-04-02T12:00:00</createDate>
    <changeDate>2012-03-28T10:23:28</changeDate>
    <schema>iso19139.che</schema>
    <isTemplate>false</isTemplate>
    <localId>200</localId>
    <format>full</format>
    <rating>0</rating>
    <popularity>6048</popularity>
    <uuid>47d18af4-d747-4466-a01b-f1478f88004b</uuid>
    <siteId>7ea582d4-9ddf-422e-b28f-29760a4c0147</siteId>
    <siteName>_geocat.ch direct partners</siteName>
  </general>
  <categories />
  <privileges>
    <group name="swisstopo" groupOwner="true">
      <operation name="view" />
      <operation name="download" />
    </group>
  </privileges>
  <public />
  <private />
</info>

