<?xml version="1.0" encoding="UTF-8"?>
<beans
    xmlns="http://www.springframework.org/schema/beans"
    xmlns:xsi="http://www.w3.org/2001/XMLSchema-instance"
    xsi:schemaLocation="http://www.springframework.org/schema/beans http://www.springframework.org/schema/beans/spring-beans.xsd">

  <bean id="iso19115-3SchemaPlugin"
        class="org.fao.geonet.schema.iso19115_3.ISO19115_3SchemaPlugin">
    <property name="savedQueries">
      <list>
        <bean class="org.fao.geonet.kernel.schema.SavedQuery">
          <property name="id"
                    value="wfs-indexing-config"/>
          <property name="xpath"
                    value="*//cit:CI_OnlineResource[
                      contains(cit:protocol/gco:CharacterString, {{protocol}}) and
                      cit:name/gco:CharacterString = '{{name}}' and
                      cit:linkage/gco:CharacterString = '{{url}}']
                    /cit:applicationProfile/gco:CharacterString/text()"/>
        </bean>
        <!-- Use to list Checkpoint quality section ie. component in a record. -->
        <bean class="org.fao.geonet.kernel.schema.SavedQuery">
          <property name="id"
                    value="dq-sections"/>
          <property name="xpath"
                    value="mdb:dataQualityInfo[
                            contains(*/@uuid, '/CP') and
                            not(ends-with(*/@uuid, 'QE')) and
                            count(*/mdq:standaloneQualityReport[
                              */mdq:reportReference/*/cit:title/gco:CharacterString =
                              'Component not covered']) = 0]"/>
          <property name="label"
                    value=".//mcc:levelDescription[1]//mcc:other"/>
          <property name="cleanValues"
                    value=".//mdq:result/*/mdq:value/gco:Record|
                           .//mdq:result/*/mdq:statement/gco:CharacterString"/>
        </bean>
      </list>
    </property>
  </bean>
</beans>
