<?xml version="1.0" encoding="UTF-8"?>
<info version="1.1">
  <general>
    <createDate>2023-11-16T00:06:03Z</createDate>
    <changeDate>2023-11-16T00:06:03Z</changeDate>
    <schema>iso19115-3.2018</schema>
    <isTemplate>s</isTemplate>
    <localId>113</localId>
    <format>full</format>
    <rating>0</rating>
    <popularity>0</popularity>
    <uuid>3f7980bf-801b-4347-89fd-9f39142aed45</uuid>
    <siteId>be0f9768-b0f2-4019-a913-8504f433ae5b</siteId>
    <siteName>Test-ANZMetLite</siteName>
  </general>
  <categories />
  <privileges>
    <group name="all" groupOwner="true">
      <operation name="view" />
      <operation name="notify" />
    </group>
  </privileges>
  <public />
  <private />
</info>

