<?xml version="1.0" encoding="UTF-8"?>

<gmd:MD_Metadata xmlns:gmd="http://www.isotc211.org/2005/gmd">
  <gmd:fileIdentifier xmlns:comp="http://www.geocat.ch/2003/05/gateway/GM03Comprehensive" xmlns:xalan="http://xml.apache.org/xalan" xmlns:che="http://www.geocat.ch/2008/che" xmlns:srv="http://www.isotc211.org/2005/srv" xmlns:gco="http://www.isotc211.org/2005/gco" xmlns:gml="http://www.opengis.net/gml" xmlns:geonet="http://www.fao.org/geonetwork">
    <gco:CharacterString>d3b21424-70a4-4984-a693-aa7f11813c53</gco:CharacterString>
  </gmd:fileIdentifier>
  <gmd:language xmlns:comp="http://www.geocat.ch/2003/05/gateway/GM03Comprehensive" xmlns:xalan="http://xml.apache.org/xalan" xmlns:che="http://www.geocat.ch/2008/che" xmlns:srv="http://www.isotc211.org/2005/srv" xmlns:gco="http://www.isotc211.org/2005/gco" xmlns:gml="http://www.opengis.net/gml" xmlns:geonet="http://www.fao.org/geonetwork">
    <gco:CharacterString>deu</gco:CharacterString>
  </gmd:language>
  <gmd:characterSet xmlns:comp="http://www.geocat.ch/2003/05/gateway/GM03Comprehensive" xmlns:xalan="http://xml.apache.org/xalan" xmlns:che="http://www.geocat.ch/2008/che" xmlns:srv="http://www.isotc211.org/2005/srv" xmlns:gco="http://www.isotc211.org/2005/gco" xmlns:gml="http://www.opengis.net/gml" xmlns:geonet="http://www.fao.org/geonetwork">
    <gmd:MD_CharacterSetCode codeList="http://www.isotc211.org/2005/resources/codeList.xml#MD_CharacterSetCode" codeListValue="utf8" />
  </gmd:characterSet>
  <gmd:hierarchyLevel xmlns:comp="http://www.geocat.ch/2003/05/gateway/GM03Comprehensive" xmlns:xalan="http://xml.apache.org/xalan" xmlns:che="http://www.geocat.ch/2008/che" xmlns:srv="http://www.isotc211.org/2005/srv" xmlns:gco="http://www.isotc211.org/2005/gco" xmlns:gml="http://www.opengis.net/gml" xmlns:geonet="http://www.fao.org/geonetwork">
    <gmd:MD_ScopeCode codeList="http://www.isotc211.org/2005/resources/codeList.xml#MD_ScopeCode" codeListValue="dataset" />
  </gmd:hierarchyLevel>
  <gmd:contact xmlns:comp="http://www.geocat.ch/2003/05/gateway/GM03Comprehensive" xmlns:xalan="http://xml.apache.org/xalan" xmlns:xlink="http://www.w3.org/1999/xlink" xmlns:che="http://www.geocat.ch/2008/che" xmlns:srv="http://www.isotc211.org/2005/srv" xmlns:gco="http://www.isotc211.org/2005/gco" xmlns:gml="http://www.opengis.net/gml" xmlns:geonet="http://www.fao.org/geonetwork" xlink:show="embed">
    <gmd:CI_ResponsibleParty>
      <gmd:organisationName xmlns:xsi="http://www.w3.org/2001/XMLSchema-instance" xsi:type="gmd:PT_FreeText_PropertyType">
        <gmd:PT_FreeText>
          <gmd:textGroup>
            <gmd:LocalisedCharacterString locale="#DE">Bundesamt für Landestopografie</gmd:LocalisedCharacterString>
          </gmd:textGroup>
          <gmd:textGroup>
            <gmd:LocalisedCharacterString locale="#FR">Office fédéral de topographie</gmd:LocalisedCharacterString>
          </gmd:textGroup>
          <gmd:textGroup>
            <gmd:LocalisedCharacterString locale="#IT">Ufficio federale di topografia</gmd:LocalisedCharacterString>
          </gmd:textGroup>
          <gmd:textGroup>
            <gmd:LocalisedCharacterString locale="#EN">Federal Office of Topography</gmd:LocalisedCharacterString>
          </gmd:textGroup>
        </gmd:PT_FreeText>
      </gmd:organisationName>
      <gmd:positionName xmlns:xsi="http://www.w3.org/2001/XMLSchema-instance" xsi:type="gmd:PT_FreeText_PropertyType">
        <gmd:PT_FreeText>
          <gmd:textGroup>
            <gmd:LocalisedCharacterString locale="#DE">Metadaten</gmd:LocalisedCharacterString>
          </gmd:textGroup>
          <gmd:textGroup>
            <gmd:LocalisedCharacterString locale="#FR">Métadonnées</gmd:LocalisedCharacterString>
          </gmd:textGroup>
          <gmd:textGroup>
            <gmd:LocalisedCharacterString locale="#IT">Metadati</gmd:LocalisedCharacterString>
          </gmd:textGroup>
          <gmd:textGroup>
            <gmd:LocalisedCharacterString locale="#EN">Metadata contact</gmd:LocalisedCharacterString>
          </gmd:textGroup>
        </gmd:PT_FreeText>
      </gmd:positionName>
      <gmd:contactInfo xmlns:xsi="http://www.w3.org/2001/XMLSchema-instance">
        <gmd:CI_Contact>
          <gmd:phone>
            <gmd:CI_Telephone>
              <gmd:voice>
                <gco:CharacterString>+41 31 963 21 11</gco:CharacterString>
              </gmd:voice>
              <gmd:facsimile>
                <gco:CharacterString>+41 31 963 24 59</gco:CharacterString>
              </gmd:facsimile>
            </gmd:CI_Telephone>
          </gmd:phone>
          <gmd:address>
            <gmd:CI_Address>
              <gmd:city>
                <gco:CharacterString>Wabern</gco:CharacterString>
              </gmd:city>
              <gmd:postalCode>
                <gco:CharacterString>3084</gco:CharacterString>
              </gmd:postalCode>
              <gmd:country xsi:type="gmd:PT_FreeText_PropertyType">
                <gco:CharacterString>CH</gco:CharacterString>
              </gmd:country>
              <gmd:electronicMailAddress>
                <gco:CharacterString>metadata@swisstopo.ch</gco:CharacterString>
              </gmd:electronicMailAddress>
            </gmd:CI_Address>
          </gmd:address>
          <gmd:onlineResource>
            <gmd:CI_OnlineResource>
              <gmd:linkage />
              <gmd:protocol>
                <gco:CharacterString>text/html</gco:CharacterString>
              </gmd:protocol>
              <gmd:name xsi:type="gmd:PT_FreeText_PropertyType">
                <gmd:PT_FreeText>
                  <gmd:textGroup>
                    <gmd:LocalisedCharacterString locale="#EN" />
                  </gmd:textGroup>
                </gmd:PT_FreeText>
              </gmd:name>
              <gmd:description xsi:type="gmd:PT_FreeText_PropertyType">
                <gmd:PT_FreeText>
                  <gmd:textGroup>
                    <gmd:LocalisedCharacterString locale="#EN" />
                  </gmd:textGroup>
                </gmd:PT_FreeText>
              </gmd:description>
            </gmd:CI_OnlineResource>
          </gmd:onlineResource>
          <gmd:hoursOfService>
            <gco:CharacterString>08h30 - 11h00 / 14h00 - 16h00 GMT+1</gco:CharacterString>
          </gmd:hoursOfService>
        </gmd:CI_Contact>
      </gmd:contactInfo>
      <gmd:role xmlns:xsi="http://www.w3.org/2001/XMLSchema-instance">
        <gmd:CI_RoleCode codeListValue="custodian" codeList="http://www.isotc211.org/2005/resources/codeList.xml#CI_RoleCode" />
      </gmd:role>
    </gmd:CI_ResponsibleParty>
  </gmd:contact>
  <gmd:dateStamp xmlns:comp="http://www.geocat.ch/2003/05/gateway/GM03Comprehensive" xmlns:xalan="http://xml.apache.org/xalan" xmlns:che="http://www.geocat.ch/2008/che" xmlns:srv="http://www.isotc211.org/2005/srv" xmlns:gco="http://www.isotc211.org/2005/gco" xmlns:gml="http://www.opengis.net/gml" xmlns:geonet="http://www.fao.org/geonetwork">
    <gco:DateTime>2012-04-05T10:14:40</gco:DateTime>
  </gmd:dateStamp>
  <gmd:metadataStandardName xmlns:srv="http://www.isotc211.org/2005/srv" xmlns:gmi="http://www.isotc211.org/2005/gmi" xmlns:gmx="http://www.isotc211.org/2005/gmx" xmlns:xsi="http://www.w3.org/2001/XMLSchema-instance" xmlns:gfc="http://www.isotc211.org/2005/gfc" xmlns:gco="http://www.isotc211.org/2005/gco" xmlns:xlink="http://www.w3.org/1999/xlink" xmlns:gml="http://www.opengis.net/gml">
    <gco:CharacterString>ISO 19115/19119</gco:CharacterString>
  </gmd:metadataStandardName>
  <gmd:dataSetURI xmlns:comp="http://www.geocat.ch/2003/05/gateway/GM03Comprehensive" xmlns:xalan="http://xml.apache.org/xalan" xmlns:che="http://www.geocat.ch/2008/che" xmlns:srv="http://www.isotc211.org/2005/srv" xmlns:gco="http://www.isotc211.org/2005/gco" xmlns:gml="http://www.opengis.net/gml" xmlns:geonet="http://www.fao.org/geonetwork">
    <gco:CharacterString>http://www.swisstopo.admin.ch/internet/swisstopo/de/home/products/maps/hist/siegfried.html</gco:CharacterString>
  </gmd:dataSetURI>
  <gmd:locale xmlns:comp="http://www.geocat.ch/2003/05/gateway/GM03Comprehensive" xmlns:xalan="http://xml.apache.org/xalan" xmlns:che="http://www.geocat.ch/2008/che" xmlns:srv="http://www.isotc211.org/2005/srv" xmlns:gco="http://www.isotc211.org/2005/gco" xmlns:gml="http://www.opengis.net/gml" xmlns:geonet="http://www.fao.org/geonetwork">
    <gmd:PT_Locale id="DE">
      <gmd:languageCode>
        <gmd:LanguageCode codeList="#LanguageCode" codeListValue="deu">German</gmd:LanguageCode>
      </gmd:languageCode>
      <gmd:characterEncoding>
        <gmd:MD_CharacterSetCode codeList="#MD_CharacterSetCode" codeListValue="utf8">UTF8</gmd:MD_CharacterSetCode>
      </gmd:characterEncoding>
    </gmd:PT_Locale>
  </gmd:locale>
  <gmd:locale xmlns:comp="http://www.geocat.ch/2003/05/gateway/GM03Comprehensive" xmlns:xalan="http://xml.apache.org/xalan" xmlns:che="http://www.geocat.ch/2008/che" xmlns:srv="http://www.isotc211.org/2005/srv" xmlns:gco="http://www.isotc211.org/2005/gco" xmlns:gml="http://www.opengis.net/gml" xmlns:geonet="http://www.fao.org/geonetwork">
    <gmd:PT_Locale id="FR">
      <gmd:languageCode>
        <gmd:LanguageCode codeList="#LanguageCode" codeListValue="fra">French</gmd:LanguageCode>
      </gmd:languageCode>
      <gmd:characterEncoding>
        <gmd:MD_CharacterSetCode codeList="#MD_CharacterSetCode" codeListValue="utf8">UTF8</gmd:MD_CharacterSetCode>
      </gmd:characterEncoding>
    </gmd:PT_Locale>
  </gmd:locale>
  <gmd:locale xmlns:comp="http://www.geocat.ch/2003/05/gateway/GM03Comprehensive" xmlns:xalan="http://xml.apache.org/xalan" xmlns:che="http://www.geocat.ch/2008/che" xmlns:srv="http://www.isotc211.org/2005/srv" xmlns:gco="http://www.isotc211.org/2005/gco" xmlns:gml="http://www.opengis.net/gml" xmlns:geonet="http://www.fao.org/geonetwork">
    <gmd:PT_Locale id="IT">
      <gmd:languageCode>
        <gmd:LanguageCode codeList="#LanguageCode" codeListValue="ita">Italian</gmd:LanguageCode>
      </gmd:languageCode>
      <gmd:characterEncoding>
        <gmd:MD_CharacterSetCode codeList="#MD_CharacterSetCode" codeListValue="utf8">UTF8</gmd:MD_CharacterSetCode>
      </gmd:characterEncoding>
    </gmd:PT_Locale>
  </gmd:locale>
  <gmd:locale xmlns:comp="http://www.geocat.ch/2003/05/gateway/GM03Comprehensive" xmlns:xalan="http://xml.apache.org/xalan" xmlns:che="http://www.geocat.ch/2008/che" xmlns:srv="http://www.isotc211.org/2005/srv" xmlns:gco="http://www.isotc211.org/2005/gco" xmlns:gml="http://www.opengis.net/gml" xmlns:geonet="http://www.fao.org/geonetwork">
    <gmd:PT_Locale id="EN">
      <gmd:languageCode>
        <gmd:LanguageCode codeList="#LanguageCode" codeListValue="eng">English</gmd:LanguageCode>
      </gmd:languageCode>
      <gmd:characterEncoding>
        <gmd:MD_CharacterSetCode codeList="#MD_CharacterSetCode" codeListValue="utf8">UTF8</gmd:MD_CharacterSetCode>
      </gmd:characterEncoding>
    </gmd:PT_Locale>
  </gmd:locale>
  <gmd:spatialRepresentationInfo xmlns:comp="http://www.geocat.ch/2003/05/gateway/GM03Comprehensive" xmlns:xalan="http://xml.apache.org/xalan" xmlns:che="http://www.geocat.ch/2008/che" xmlns:srv="http://www.isotc211.org/2005/srv" xmlns:gco="http://www.isotc211.org/2005/gco" xmlns:gml="http://www.opengis.net/gml" xmlns:geonet="http://www.fao.org/geonetwork">
    <gmd:MD_GridSpatialRepresentation>
      <gmd:numberOfDimensions>
        <gco:Integer>2</gco:Integer>
      </gmd:numberOfDimensions>
      <gmd:axisDimensionProperties>
        <gmd:MD_Dimension>
          <gmd:dimensionName>
            <gmd:MD_DimensionNameTypeCode codeList="http://www.isotc211.org/2005/resources/codeList.xml#MD_DimensionNameTypeCode" codeListValue="column" />
          </gmd:dimensionName>
          <gmd:dimensionSize>
            <gco:Integer>7000</gco:Integer>
          </gmd:dimensionSize>
          <gmd:resolution>
            <gco:Measure uom="m">508</gco:Measure>
          </gmd:resolution>
        </gmd:MD_Dimension>
      </gmd:axisDimensionProperties>
      <gmd:axisDimensionProperties>
        <gmd:MD_Dimension>
          <gmd:dimensionName>
            <gmd:MD_DimensionNameTypeCode codeList="http://www.isotc211.org/2005/resources/codeList.xml#MD_DimensionNameTypeCode" codeListValue="row" />
          </gmd:dimensionName>
          <gmd:dimensionSize>
            <gco:Integer>4800</gco:Integer>
          </gmd:dimensionSize>
          <gmd:resolution>
            <gco:Measure uom="m">508</gco:Measure>
          </gmd:resolution>
        </gmd:MD_Dimension>
      </gmd:axisDimensionProperties>
      <gmd:cellGeometry>
        <gmd:MD_CellGeometryCode codeList="http://www.isotc211.org/2005/resources/codeList.xml#MD_CellGeometryCode" codeListValue="area" />
      </gmd:cellGeometry>
      <gmd:transformationParameterAvailability>
        <gco:Boolean>0</gco:Boolean>
      </gmd:transformationParameterAvailability>
    </gmd:MD_GridSpatialRepresentation>
  </gmd:spatialRepresentationInfo>
  <gmd:identificationInfo xmlns:comp="http://www.geocat.ch/2003/05/gateway/GM03Comprehensive" xmlns:xalan="http://xml.apache.org/xalan" xmlns:che="http://www.geocat.ch/2008/che" xmlns:srv="http://www.isotc211.org/2005/srv" xmlns:gco="http://www.isotc211.org/2005/gco" xmlns:gml="http://www.opengis.net/gml" xmlns:geonet="http://www.fao.org/geonetwork">
    <gmd:MD_DataIdentification>
      <gmd:citation>
        <gmd:CI_Citation>
          <gmd:title xmlns:xsi="http://www.w3.org/2001/XMLSchema-instance" xsi:type="gmd:PT_FreeText_PropertyType">
            <gmd:PT_FreeText xmlns:xlink="http://www.w3.org/1999/xlink" xmlns:gmx="http://www.isotc211.org/2005/gmx" xmlns:gts="http://www.isotc211.org/2005/gts">
              <gmd:textGroup>
                <gmd:LocalisedCharacterString locale="#DE">Topographischer Atlas der Schweiz (Siegfriedkarte)</gmd:LocalisedCharacterString>
              </gmd:textGroup>
              <gmd:textGroup>
                <gmd:LocalisedCharacterString locale="#FR">Atlas topographique de la Suisse (Carte Siegfried)</gmd:LocalisedCharacterString>
              </gmd:textGroup>
              <gmd:textGroup>
                <gmd:LocalisedCharacterString locale="#EN">Siegfried Map</gmd:LocalisedCharacterString>
              </gmd:textGroup>
              <gmd:textGroup>
                <gmd:LocalisedCharacterString locale="#IT">Atlante topografico della Svizzera (Carta Siegfried)</gmd:LocalisedCharacterString>
              </gmd:textGroup>
            </gmd:PT_FreeText>
          </gmd:title>
          <gmd:alternateTitle xmlns:xsi="http://www.w3.org/2001/XMLSchema-instance" xsi:type="gmd:PT_FreeText_PropertyType">
            <gmd:PT_FreeText xmlns:xlink="http://www.w3.org/1999/xlink" xmlns:gmx="http://www.isotc211.org/2005/gmx" xmlns:gts="http://www.isotc211.org/2005/gts">
              <gmd:textGroup>
                <gmd:LocalisedCharacterString locale="#DE">Siegfriedkarte</gmd:LocalisedCharacterString>
              </gmd:textGroup>
              <gmd:textGroup>
                <gmd:LocalisedCharacterString locale="#FR">Carte Siegfried</gmd:LocalisedCharacterString>
              </gmd:textGroup>
              <gmd:textGroup>
                <gmd:LocalisedCharacterString locale="#EN">Siegfried Map</gmd:LocalisedCharacterString>
              </gmd:textGroup>
              <gmd:textGroup>
                <gmd:LocalisedCharacterString locale="#IT">Carta Siegfried</gmd:LocalisedCharacterString>
              </gmd:textGroup>
            </gmd:PT_FreeText>
          </gmd:alternateTitle>
          <gmd:date>
            <gmd:CI_Date>
              <gmd:date>
                <gco:Date>1870-01-01</gco:Date>
              </gmd:date>
              <gmd:dateType>
                <gmd:CI_DateTypeCode codeList="http://www.isotc211.org/2005/resources/codeList.xml#CI_DateTypeCode" codeListValue="creation" />
              </gmd:dateType>
            </gmd:CI_Date>
          </gmd:date>
          <gmd:presentationForm>
            <gmd:CI_PresentationFormCode codeList="http://www.isotc211.org/2005/resources/codeList.xml#CI_PresentationFormCode" codeListValue="mapDigital" />
          </gmd:presentationForm>
          <gmd:presentationForm>
            <gmd:CI_PresentationFormCode codeList="http://www.isotc211.org/2005/resources/codeList.xml#CI_PresentationFormCode" codeListValue="mapHardcopy" />
          </gmd:presentationForm>
          <gmd:collectiveTitle xmlns:xsi="http://www.w3.org/2001/XMLSchema-instance" xsi:type="gmd:PT_FreeText_PropertyType">
            <gmd:PT_FreeText xmlns:xlink="http://www.w3.org/1999/xlink" xmlns:gmx="http://www.isotc211.org/2005/gmx" xmlns:gts="http://www.isotc211.org/2005/gts">
              <gmd:textGroup>
                <gmd:LocalisedCharacterString locale="#DE">Historische Karten</gmd:LocalisedCharacterString>
              </gmd:textGroup>
              <gmd:textGroup>
                <gmd:LocalisedCharacterString locale="#FR">Cartes historiques</gmd:LocalisedCharacterString>
              </gmd:textGroup>
              <gmd:textGroup>
                <gmd:LocalisedCharacterString locale="#IT">Carte storiche</gmd:LocalisedCharacterString>
              </gmd:textGroup>
            </gmd:PT_FreeText>
          </gmd:collectiveTitle>
        </gmd:CI_Citation>
      </gmd:citation>
      <gmd:abstract xmlns:xsi="http://www.w3.org/2001/XMLSchema-instance" xsi:type="gmd:PT_FreeText_PropertyType">
        <gmd:PT_FreeText xmlns:xlink="http://www.w3.org/1999/xlink" xmlns:gmx="http://www.isotc211.org/2005/gmx" xmlns:gts="http://www.isotc211.org/2005/gts">
          <gmd:textGroup>
            <gmd:LocalisedCharacterString locale="#DE">In den Jahren 1870 bis 1926 wurde - anfänglich unter der Leitung von Oberst Hermann Siegfried - der Topographische Atlas der Schweiz veröffentlicht. Es handelt sich um das erste detaillierte Gesamtwerk für die Schweiz in den Massstäben 1:25'000 für das Mittelland, den Jura und das Südtessin sowie 1:50'000 für die Alpen. Mit der periodischen Fortführung bis 1949 wurden insgesamt über 4'000 nachgeführte Blätter publiziert. Für die Ersterstellung wurden zwei verschiedene Techniken angewandt: Kupferstich für die 462 Kartenblätter im Massstab 1:25'000 und Steingravur für die 142 Blätter 1:50'000. Sämtliche Ausgaben sind eingescannt worden und stehen nun digital für Untersuchungen zur Landschaftsentwicklung und weitere Anwendungen Verfügung.</gmd:LocalisedCharacterString>
          </gmd:textGroup>
          <gmd:textGroup>
            <gmd:LocalisedCharacterString locale="#FR">L'Atlas topographique de la Suisse a été publié entre 1870 et 1926, initialement sous la direction du colonel Hermann Siegfried. Cest la première carte d'ensemble détaillée de la Suisse à l'échelle 1:25'000 pour le Plateau central, le Jura et le sud du Tessin et, au 1:50'000, pour les Alpes. Au total, si l'on tient compte de la mise à jour périodique effectuée jusqu'en 1949, plus de 4000 feuilles mises à jour ont été publiées. Deux techniques différentes ont été appliquées pour lélaboration initiale: la gravure sur cuivre pour les 462 feuilles à l'échelle 1:25'000 et la lithographie pour les 142 feuilles au 1:50000. Toutes les éditions ont été scannées et sont désormais disponibles sous forme numérique pour des analyses du développement du paysage et d'autres applications.</gmd:LocalisedCharacterString>
          </gmd:textGroup>
          <gmd:textGroup>
            <gmd:LocalisedCharacterString locale="#EN">The Topographische Atlas der Schweiz was published over the period from 1870 to 1926, initially under the leadership of Colonel Hermann Siegfried. This was the first complete detailed map series for the whole of Switzerland. It was published at 1:25 000 scale for the lowland areas of the Mittelland, the Jura and south Ticino, and at 1:50 000 scale for alpine regions. With periodic campaigns of revision up to 1949, in all over 4000 revised sheets were published. Two techniques were used for the initial production: copper plate engraving for the 462 sheets at 1:25 000 scale, while the 142 sheets at 1:50 000 were lithographic printed. Every edition has now been scanned and is available in digital form for research into the development of the Swiss landscape and a host of other applications.</gmd:LocalisedCharacterString>
          </gmd:textGroup>
        </gmd:PT_FreeText>
      </gmd:abstract>
      <gmd:purpose xmlns:xsi="http://www.w3.org/2001/XMLSchema-instance" xsi:type="gmd:PT_FreeText_PropertyType">
        <gmd:PT_FreeText xmlns:xlink="http://www.w3.org/1999/xlink" xmlns:gmx="http://www.isotc211.org/2005/gmx" xmlns:gts="http://www.isotc211.org/2005/gts">
          <gmd:textGroup>
            <gmd:LocalisedCharacterString locale="#DE">Referenzdaten</gmd:LocalisedCharacterString>
          </gmd:textGroup>
        </gmd:PT_FreeText>
      </gmd:purpose>
      <gmd:status>
        <gmd:MD_ProgressCode codeList="http://www.isotc211.org/2005/resources/codeList.xml#MD_ProgressCode" codeListValue="historicalArchive" />
      </gmd:status>
      <gmd:pointOfContact xmlns:xlink="http://www.w3.org/1999/xlink">
        <gmd:CI_ResponsibleParty>
          <gmd:organisationName xmlns:xsi="http://www.w3.org/2001/XMLSchema-instance" xsi:type="gmd:PT_FreeText_PropertyType">
            <gmd:PT_FreeText>
              <gmd:textGroup>
                <gmd:LocalisedCharacterString locale="#DE">Bundesamt für Landestopografie</gmd:LocalisedCharacterString>
              </gmd:textGroup>
              <gmd:textGroup>
                <gmd:LocalisedCharacterString locale="#FR">Office fédéral de topographie</gmd:LocalisedCharacterString>
              </gmd:textGroup>
              <gmd:textGroup>
                <gmd:LocalisedCharacterString locale="#EN">Federal Office of Topography</gmd:LocalisedCharacterString>
              </gmd:textGroup>
              <gmd:textGroup>
                <gmd:LocalisedCharacterString locale="#IT">Ufficio federale di topografia</gmd:LocalisedCharacterString>
              </gmd:textGroup>
            </gmd:PT_FreeText>
          </gmd:organisationName>
          <gmd:positionName xmlns:xsi="http://www.w3.org/2001/XMLSchema-instance" xsi:type="gmd:PT_FreeText_PropertyType">
            <gmd:PT_FreeText>
              <gmd:textGroup>
                <gmd:LocalisedCharacterString locale="#DE">Kundenaufträge Kartografie</gmd:LocalisedCharacterString>
              </gmd:textGroup>
              <gmd:textGroup>
                <gmd:LocalisedCharacterString locale="#FR">Prestations cartographiques</gmd:LocalisedCharacterString>
              </gmd:textGroup>
              <gmd:textGroup>
                <gmd:LocalisedCharacterString locale="#EN">Customer Services Cartography</gmd:LocalisedCharacterString>
              </gmd:textGroup>
              <gmd:textGroup>
                <gmd:LocalisedCharacterString locale="#IT">Lavori di cartografia commissionati da clienti</gmd:LocalisedCharacterString>
              </gmd:textGroup>
            </gmd:PT_FreeText>
          </gmd:positionName>
          <gmd:contactInfo xmlns:xsi="http://www.w3.org/2001/XMLSchema-instance">
            <gmd:CI_Contact>
              <gmd:phone>
                <gmd:CI_Telephone>
                  <gmd:voice>
                    <gco:CharacterString>+41 31 963 21 11</gco:CharacterString>
                  </gmd:voice>
                  <gmd:facsimile>
                    <gco:CharacterString>+41 31 963 24 59</gco:CharacterString>
                  </gmd:facsimile>
                </gmd:CI_Telephone>
              </gmd:phone>
              <gmd:address>
                <gmd:CI_Address>
                  <gmd:city>
                    <gco:CharacterString>Wabern</gco:CharacterString>
                  </gmd:city>
                  <gmd:postalCode>
                    <gco:CharacterString>3084</gco:CharacterString>
                  </gmd:postalCode>
                  <gmd:country xsi:type="gmd:PT_FreeText_PropertyType">
                    <gco:CharacterString>CH</gco:CharacterString>
                  </gmd:country>
                  <gmd:electronicMailAddress>
                    <gco:CharacterString>karto@swisstopo.ch</gco:CharacterString>
                  </gmd:electronicMailAddress>
                </gmd:CI_Address>
              </gmd:address>
              <gmd:onlineResource>
                <gmd:CI_OnlineResource>
                  <gmd:linkage />
                  <gmd:protocol>
                    <gco:CharacterString>text/html</gco:CharacterString>
                  </gmd:protocol>
                  <gmd:name xsi:type="gmd:PT_FreeText_PropertyType">
                    <gmd:PT_FreeText>
                      <gmd:textGroup>
                        <gmd:LocalisedCharacterString locale="#EN" />
                      </gmd:textGroup>
                    </gmd:PT_FreeText>
                  </gmd:name>
                  <gmd:description xsi:type="gmd:PT_FreeText_PropertyType">
                    <gmd:PT_FreeText>
                      <gmd:textGroup>
                        <gmd:LocalisedCharacterString locale="#EN" />
                      </gmd:textGroup>
                    </gmd:PT_FreeText>
                  </gmd:description>
                </gmd:CI_OnlineResource>
              </gmd:onlineResource>
              <gmd:hoursOfService>
                <gco:CharacterString>07h45 - 11h45 / 13h30 - 17h00</gco:CharacterString>
              </gmd:hoursOfService>
            </gmd:CI_Contact>
          </gmd:contactInfo>
          <gmd:role xmlns:xsi="http://www.w3.org/2001/XMLSchema-instance">
            <gmd:CI_RoleCode codeListValue="pointOfContact" codeList="http://www.isotc211.org/2005/resources/codeList.xml#CI_RoleCode" />
          </gmd:role>
        </gmd:CI_ResponsibleParty>
      </gmd:pointOfContact>
      <gmd:graphicOverview>
        <gmd:MD_BrowseGraphic>
          <gmd:fileName>
            <gco:CharacterString>http://www.swisstopo.admin.ch/internet/swisstopo/de/home/products/maps/hist/siegfried.parsys.6740.Image.jpeg</gco:CharacterString>
          </gmd:fileName>
          <gmd:fileDescription xmlns:xsi="http://www.w3.org/2001/XMLSchema-instance" xsi:type="gmd:PT_FreeText_PropertyType">
            <gmd:PT_FreeText xmlns:xlink="http://www.w3.org/1999/xlink" xmlns:gmx="http://www.isotc211.org/2005/gmx" xmlns:gts="http://www.isotc211.org/2005/gts">
              <gmd:textGroup>
                <gmd:LocalisedCharacterString locale="#DE">Liss</gmd:LocalisedCharacterString>
              </gmd:textGroup>
              <gmd:textGroup>
                <gmd:LocalisedCharacterString locale="#FR">Glacier de Grindelwald</gmd:LocalisedCharacterString>
              </gmd:textGroup>
              <gmd:textGroup>
                <gmd:LocalisedCharacterString locale="#EN">Glacier of Grindelwald</gmd:LocalisedCharacterString>
              </gmd:textGroup>
            </gmd:PT_FreeText>
          </gmd:fileDescription>
          <gmd:fileType>
            <gco:CharacterString>gif</gco:CharacterString>
          </gmd:fileType>
        </gmd:MD_BrowseGraphic>
      </gmd:graphicOverview>
      <gmd:resourceFormat xmlns:xlink="http://www.w3.org/1999/xlink">
        <gmd:MD_Format>
          <gmd:name>
            <gco:CharacterString>TIFF</gco:CharacterString>
          </gmd:name>
          <gmd:version>
            <gco:CharacterString>-</gco:CharacterString>
          </gmd:version>
        </gmd:MD_Format>
      </gmd:resourceFormat>
      <gmd:descriptiveKeywords xmlns:xlink="http://www.w3.org/1999/xlink" xlink:show="embed">
        <gmd:MD_Keywords xmlns:skos="http://www.w3.org/2004/02/skos/core#" xmlns:xsi="http://www.w3.org/2001/XMLSchema-instance">
          <gmd:keyword xsi:type="gmd:PT_FreeText_PropertyType">
            <gmd:PT_FreeText>
              <gmd:textGroup>
                <gmd:LocalisedCharacterString locale="#EN">National Map</gmd:LocalisedCharacterString>
              </gmd:textGroup>
              <gmd:textGroup>
                <gmd:LocalisedCharacterString locale="#IT">carta nazionale</gmd:LocalisedCharacterString>
              </gmd:textGroup>
              <gmd:textGroup>
                <gmd:LocalisedCharacterString locale="#DE">Landeskarte</gmd:LocalisedCharacterString>
              </gmd:textGroup>
              <gmd:textGroup>
                <gmd:LocalisedCharacterString locale="#FR">Carte nationale</gmd:LocalisedCharacterString>
              </gmd:textGroup>
            </gmd:PT_FreeText>
          </gmd:keyword>
          <gmd:thesaurusName>
            <gmd:CI_Citation>
              <gmd:title>
                <gco:CharacterString>local._none_.geocat.ch</gco:CharacterString>
              </gmd:title>
              <gmd:date gco:nilReason="missing" />
            </gmd:CI_Citation>
          </gmd:thesaurusName>
        </gmd:MD_Keywords>
      </gmd:descriptiveKeywords>
      <gmd:descriptiveKeywords xmlns:xlink="http://www.w3.org/1999/xlink" xlink:show="embed">
        <gmd:MD_Keywords xmlns:skos="http://www.w3.org/2004/02/skos/core#" xmlns:xsi="http://www.w3.org/2001/XMLSchema-instance">
          <gmd:keyword xsi:type="gmd:PT_FreeText_PropertyType">
            <gmd:PT_FreeText>
              <gmd:textGroup>
                <gmd:LocalisedCharacterString locale="#EN">Land cover</gmd:LocalisedCharacterString>
              </gmd:textGroup>
              <gmd:textGroup>
                <gmd:LocalisedCharacterString locale="#IT">Copertura del suolo</gmd:LocalisedCharacterString>
              </gmd:textGroup>
              <gmd:textGroup>
                <gmd:LocalisedCharacterString locale="#DE">Bodenbedeckung</gmd:LocalisedCharacterString>
              </gmd:textGroup>
              <gmd:textGroup>
                <gmd:LocalisedCharacterString locale="#FR">Occupation des terres</gmd:LocalisedCharacterString>
              </gmd:textGroup>
            </gmd:PT_FreeText>
          </gmd:keyword>
          <gmd:type>
            <gmd:MD_KeywordTypeCode codeList="http://www.isotc211.org/2005/resources/codeList.xml#MD_KeywordTypeCode" codeListValue="theme" />
          </gmd:type>
          <gmd:thesaurusName>
            <gmd:CI_Citation>
              <gmd:title>
                <gco:CharacterString>external.theme.inspire-theme</gco:CharacterString>
              </gmd:title>
              <gmd:date gco:nilReason="missing" />
            </gmd:CI_Citation>
          </gmd:thesaurusName>
        </gmd:MD_Keywords>
      </gmd:descriptiveKeywords>
      <gmd:descriptiveKeywords xmlns:xlink="http://www.w3.org/1999/xlink" xlink:show="embed">
        <gmd:MD_Keywords xmlns:skos="http://www.w3.org/2004/02/skos/core#" xmlns:xsi="http://www.w3.org/2001/XMLSchema-instance">
          <gmd:keyword xsi:type="gmd:PT_FreeText_PropertyType">
            <gmd:PT_FreeText>
              <gmd:textGroup>
                <gmd:LocalisedCharacterString locale="#EN">cartography</gmd:LocalisedCharacterString>
              </gmd:textGroup>
              <gmd:textGroup>
                <gmd:LocalisedCharacterString locale="#IT">cartografia</gmd:LocalisedCharacterString>
              </gmd:textGroup>
              <gmd:textGroup>
                <gmd:LocalisedCharacterString locale="#DE">Kartographie</gmd:LocalisedCharacterString>
              </gmd:textGroup>
              <gmd:textGroup>
                <gmd:LocalisedCharacterString locale="#FR">cartographie</gmd:LocalisedCharacterString>
              </gmd:textGroup>
            </gmd:PT_FreeText>
          </gmd:keyword>
          <gmd:thesaurusName>
            <gmd:CI_Citation>
              <gmd:title>
                <gco:CharacterString>external._none_.gemet</gco:CharacterString>
              </gmd:title>
              <gmd:date gco:nilReason="missing" />
            </gmd:CI_Citation>
          </gmd:thesaurusName>
        </gmd:MD_Keywords>
      </gmd:descriptiveKeywords>
      <gmd:descriptiveKeywords xmlns:xlink="http://www.w3.org/1999/xlink" xlink:show="embed">
        <gmd:MD_Keywords xmlns:skos="http://www.w3.org/2004/02/skos/core#" xmlns:xsi="http://www.w3.org/2001/XMLSchema-instance">
          <gmd:keyword xsi:type="gmd:PT_FreeText_PropertyType">
            <gmd:PT_FreeText>
              <gmd:textGroup>
                <gmd:LocalisedCharacterString locale="#EN">Topographic map</gmd:LocalisedCharacterString>
              </gmd:textGroup>
              <gmd:textGroup>
                <gmd:LocalisedCharacterString locale="#IT">carta topografica</gmd:LocalisedCharacterString>
              </gmd:textGroup>
              <gmd:textGroup>
                <gmd:LocalisedCharacterString locale="#DE">Topografische Karte</gmd:LocalisedCharacterString>
              </gmd:textGroup>
              <gmd:textGroup>
                <gmd:LocalisedCharacterString locale="#FR">Carte topographique</gmd:LocalisedCharacterString>
              </gmd:textGroup>
            </gmd:PT_FreeText>
          </gmd:keyword>
          <gmd:thesaurusName>
            <gmd:CI_Citation>
              <gmd:title>
                <gco:CharacterString>local._none_.geocat.ch</gco:CharacterString>
              </gmd:title>
              <gmd:date gco:nilReason="missing" />
            </gmd:CI_Citation>
          </gmd:thesaurusName>
        </gmd:MD_Keywords>
      </gmd:descriptiveKeywords>
      <gmd:descriptiveKeywords xmlns:xlink="http://www.w3.org/1999/xlink" xlink:show="embed">
        <gmd:MD_Keywords xmlns:skos="http://www.w3.org/2004/02/skos/core#" xmlns:xsi="http://www.w3.org/2001/XMLSchema-instance">
          <gmd:keyword xsi:type="gmd:PT_FreeText_PropertyType">
            <gmd:PT_FreeText>
              <gmd:textGroup>
                <gmd:LocalisedCharacterString locale="#EN">Mountain name</gmd:LocalisedCharacterString>
              </gmd:textGroup>
              <gmd:textGroup>
                <gmd:LocalisedCharacterString locale="#IT">nome di montagna</gmd:LocalisedCharacterString>
              </gmd:textGroup>
              <gmd:textGroup>
                <gmd:LocalisedCharacterString locale="#DE">Bergname</gmd:LocalisedCharacterString>
              </gmd:textGroup>
              <gmd:textGroup>
                <gmd:LocalisedCharacterString locale="#FR">Nom de montagne</gmd:LocalisedCharacterString>
              </gmd:textGroup>
            </gmd:PT_FreeText>
          </gmd:keyword>
          <gmd:thesaurusName>
            <gmd:CI_Citation>
              <gmd:title>
                <gco:CharacterString>local._none_.geocat.ch</gco:CharacterString>
              </gmd:title>
              <gmd:date gco:nilReason="missing" />
            </gmd:CI_Citation>
          </gmd:thesaurusName>
        </gmd:MD_Keywords>
      </gmd:descriptiveKeywords>
      <gmd:descriptiveKeywords xmlns:xlink="http://www.w3.org/1999/xlink" xlink:show="embed">
        <gmd:MD_Keywords xmlns:skos="http://www.w3.org/2004/02/skos/core#" xmlns:xsi="http://www.w3.org/2001/XMLSchema-instance">
          <gmd:keyword xsi:type="gmd:PT_FreeText_PropertyType">
            <gmd:PT_FreeText>
              <gmd:textGroup>
                <gmd:LocalisedCharacterString locale="#EN">River name</gmd:LocalisedCharacterString>
              </gmd:textGroup>
              <gmd:textGroup>
                <gmd:LocalisedCharacterString locale="#IT">nome di corso d'acqua</gmd:LocalisedCharacterString>
              </gmd:textGroup>
              <gmd:textGroup>
                <gmd:LocalisedCharacterString locale="#DE">Gewässername</gmd:LocalisedCharacterString>
              </gmd:textGroup>
              <gmd:textGroup>
                <gmd:LocalisedCharacterString locale="#FR">Nom de cours d'eau</gmd:LocalisedCharacterString>
              </gmd:textGroup>
            </gmd:PT_FreeText>
          </gmd:keyword>
          <gmd:thesaurusName>
            <gmd:CI_Citation>
              <gmd:title>
                <gco:CharacterString>local._none_.geocat.ch</gco:CharacterString>
              </gmd:title>
              <gmd:date gco:nilReason="missing" />
            </gmd:CI_Citation>
          </gmd:thesaurusName>
        </gmd:MD_Keywords>
      </gmd:descriptiveKeywords>
      <gmd:descriptiveKeywords xmlns:xlink="http://www.w3.org/1999/xlink" xlink:show="embed">
        <gmd:MD_Keywords xmlns:skos="http://www.w3.org/2004/02/skos/core#" xmlns:xsi="http://www.w3.org/2001/XMLSchema-instance">
          <gmd:keyword xsi:type="gmd:PT_FreeText_PropertyType">
            <gmd:PT_FreeText>
              <gmd:textGroup>
                <gmd:LocalisedCharacterString locale="#EN">Old map</gmd:LocalisedCharacterString>
              </gmd:textGroup>
              <gmd:textGroup>
                <gmd:LocalisedCharacterString locale="#IT">carta anziana</gmd:LocalisedCharacterString>
              </gmd:textGroup>
              <gmd:textGroup>
                <gmd:LocalisedCharacterString locale="#DE">Alte Karte</gmd:LocalisedCharacterString>
              </gmd:textGroup>
              <gmd:textGroup>
                <gmd:LocalisedCharacterString locale="#FR">Carte ancienne</gmd:LocalisedCharacterString>
              </gmd:textGroup>
            </gmd:PT_FreeText>
          </gmd:keyword>
          <gmd:thesaurusName>
            <gmd:CI_Citation>
              <gmd:title>
                <gco:CharacterString>local._none_.geocat.ch</gco:CharacterString>
              </gmd:title>
              <gmd:date gco:nilReason="missing" />
            </gmd:CI_Citation>
          </gmd:thesaurusName>
        </gmd:MD_Keywords>
      </gmd:descriptiveKeywords>
      <gmd:descriptiveKeywords xmlns:xlink="http://www.w3.org/1999/xlink" xlink:show="embed">
        <gmd:MD_Keywords xmlns:skos="http://www.w3.org/2004/02/skos/core#" xmlns:xsi="http://www.w3.org/2001/XMLSchema-instance">
          <gmd:keyword xsi:type="gmd:PT_FreeText_PropertyType">
            <gmd:PT_FreeText>
              <gmd:textGroup>
                <gmd:LocalisedCharacterString locale="#EN">Area name</gmd:LocalisedCharacterString>
              </gmd:textGroup>
              <gmd:textGroup>
                <gmd:LocalisedCharacterString locale="#IT">nome di territorio</gmd:LocalisedCharacterString>
              </gmd:textGroup>
              <gmd:textGroup>
                <gmd:LocalisedCharacterString locale="#DE">Gebietsname</gmd:LocalisedCharacterString>
              </gmd:textGroup>
              <gmd:textGroup>
                <gmd:LocalisedCharacterString locale="#FR">Nom de territoire</gmd:LocalisedCharacterString>
              </gmd:textGroup>
            </gmd:PT_FreeText>
          </gmd:keyword>
          <gmd:thesaurusName>
            <gmd:CI_Citation>
              <gmd:title>
                <gco:CharacterString>local._none_.geocat.ch</gco:CharacterString>
              </gmd:title>
              <gmd:date gco:nilReason="missing" />
            </gmd:CI_Citation>
          </gmd:thesaurusName>
        </gmd:MD_Keywords>
      </gmd:descriptiveKeywords>
      <gmd:descriptiveKeywords xmlns:xlink="http://www.w3.org/1999/xlink" xlink:show="embed">
        <gmd:MD_Keywords xmlns:skos="http://www.w3.org/2004/02/skos/core#" xmlns:xsi="http://www.w3.org/2001/XMLSchema-instance">
          <gmd:keyword xsi:type="gmd:PT_FreeText_PropertyType">
            <gmd:PT_FreeText>
              <gmd:textGroup>
                <gmd:LocalisedCharacterString locale="#EN">River</gmd:LocalisedCharacterString>
              </gmd:textGroup>
              <gmd:textGroup>
                <gmd:LocalisedCharacterString locale="#IT">fiume</gmd:LocalisedCharacterString>
              </gmd:textGroup>
              <gmd:textGroup>
                <gmd:LocalisedCharacterString locale="#DE">Fluss</gmd:LocalisedCharacterString>
              </gmd:textGroup>
              <gmd:textGroup>
                <gmd:LocalisedCharacterString locale="#FR">Rivière</gmd:LocalisedCharacterString>
              </gmd:textGroup>
            </gmd:PT_FreeText>
          </gmd:keyword>
          <gmd:thesaurusName>
            <gmd:CI_Citation>
              <gmd:title>
                <gco:CharacterString>local._none_.geocat.ch</gco:CharacterString>
              </gmd:title>
              <gmd:date gco:nilReason="missing" />
            </gmd:CI_Citation>
          </gmd:thesaurusName>
        </gmd:MD_Keywords>
      </gmd:descriptiveKeywords>
      <gmd:descriptiveKeywords xmlns:xlink="http://www.w3.org/1999/xlink" xlink:show="embed">
        <gmd:MD_Keywords xmlns:skos="http://www.w3.org/2004/02/skos/core#" xmlns:xsi="http://www.w3.org/2001/XMLSchema-instance">
          <gmd:keyword xsi:type="gmd:PT_FreeText_PropertyType">
            <gmd:PT_FreeText>
              <gmd:textGroup>
                <gmd:LocalisedCharacterString locale="#EN">water (geographic)</gmd:LocalisedCharacterString>
              </gmd:textGroup>
              <gmd:textGroup>
                <gmd:LocalisedCharacterString locale="#IT">acque (geografia)</gmd:LocalisedCharacterString>
              </gmd:textGroup>
              <gmd:textGroup>
                <gmd:LocalisedCharacterString locale="#DE">Gewässer</gmd:LocalisedCharacterString>
              </gmd:textGroup>
              <gmd:textGroup>
                <gmd:LocalisedCharacterString locale="#FR">eaux (géographie)</gmd:LocalisedCharacterString>
              </gmd:textGroup>
            </gmd:PT_FreeText>
          </gmd:keyword>
          <gmd:thesaurusName>
            <gmd:CI_Citation>
              <gmd:title>
                <gco:CharacterString>external._none_.gemet</gco:CharacterString>
              </gmd:title>
              <gmd:date gco:nilReason="missing" />
            </gmd:CI_Citation>
          </gmd:thesaurusName>
        </gmd:MD_Keywords>
      </gmd:descriptiveKeywords>
      <gmd:descriptiveKeywords xmlns:xlink="http://www.w3.org/1999/xlink" xlink:show="embed">
        <gmd:MD_Keywords xmlns:skos="http://www.w3.org/2004/02/skos/core#" xmlns:xsi="http://www.w3.org/2001/XMLSchema-instance">
          <gmd:keyword xsi:type="gmd:PT_FreeText_PropertyType">
            <gmd:PT_FreeText>
              <gmd:textGroup>
                <gmd:LocalisedCharacterString locale="#EN">national border</gmd:LocalisedCharacterString>
              </gmd:textGroup>
              <gmd:textGroup>
                <gmd:LocalisedCharacterString locale="#IT">confine nazionale</gmd:LocalisedCharacterString>
              </gmd:textGroup>
              <gmd:textGroup>
                <gmd:LocalisedCharacterString locale="#DE">Landesgrenze</gmd:LocalisedCharacterString>
              </gmd:textGroup>
              <gmd:textGroup>
                <gmd:LocalisedCharacterString locale="#FR">frontière nationale</gmd:LocalisedCharacterString>
              </gmd:textGroup>
            </gmd:PT_FreeText>
          </gmd:keyword>
          <gmd:thesaurusName>
            <gmd:CI_Citation>
              <gmd:title>
                <gco:CharacterString>local._none_.geocat.ch</gco:CharacterString>
              </gmd:title>
              <gmd:date gco:nilReason="missing" />
            </gmd:CI_Citation>
          </gmd:thesaurusName>
        </gmd:MD_Keywords>
      </gmd:descriptiveKeywords>
      <gmd:descriptiveKeywords xmlns:xlink="http://www.w3.org/1999/xlink" xlink:show="embed">
        <gmd:MD_Keywords xmlns:skos="http://www.w3.org/2004/02/skos/core#" xmlns:xsi="http://www.w3.org/2001/XMLSchema-instance">
          <gmd:keyword xsi:type="gmd:PT_FreeText_PropertyType">
            <gmd:PT_FreeText>
              <gmd:textGroup>
                <gmd:LocalisedCharacterString locale="#EN">Scrub</gmd:LocalisedCharacterString>
              </gmd:textGroup>
              <gmd:textGroup>
                <gmd:LocalisedCharacterString locale="#IT">crespuglio</gmd:LocalisedCharacterString>
              </gmd:textGroup>
              <gmd:textGroup>
                <gmd:LocalisedCharacterString locale="#DE">Gebüsch</gmd:LocalisedCharacterString>
              </gmd:textGroup>
              <gmd:textGroup>
                <gmd:LocalisedCharacterString locale="#FR">Buissons</gmd:LocalisedCharacterString>
              </gmd:textGroup>
            </gmd:PT_FreeText>
          </gmd:keyword>
          <gmd:thesaurusName>
            <gmd:CI_Citation>
              <gmd:title>
                <gco:CharacterString>local._none_.geocat.ch</gco:CharacterString>
              </gmd:title>
              <gmd:date gco:nilReason="missing" />
            </gmd:CI_Citation>
          </gmd:thesaurusName>
        </gmd:MD_Keywords>
      </gmd:descriptiveKeywords>
      <gmd:descriptiveKeywords xmlns:xlink="http://www.w3.org/1999/xlink" xlink:show="embed">
        <gmd:MD_Keywords xmlns:skos="http://www.w3.org/2004/02/skos/core#" xmlns:xsi="http://www.w3.org/2001/XMLSchema-instance">
          <gmd:keyword xsi:type="gmd:PT_FreeText_PropertyType">
            <gmd:PT_FreeText>
              <gmd:textGroup>
                <gmd:LocalisedCharacterString locale="#EN">through road</gmd:LocalisedCharacterString>
              </gmd:textGroup>
              <gmd:textGroup>
                <gmd:LocalisedCharacterString locale="#IT">strada di transito</gmd:LocalisedCharacterString>
              </gmd:textGroup>
              <gmd:textGroup>
                <gmd:LocalisedCharacterString locale="#DE">Durchgangsstrasse</gmd:LocalisedCharacterString>
              </gmd:textGroup>
              <gmd:textGroup>
                <gmd:LocalisedCharacterString locale="#FR">Route de transit</gmd:LocalisedCharacterString>
              </gmd:textGroup>
            </gmd:PT_FreeText>
          </gmd:keyword>
          <gmd:thesaurusName>
            <gmd:CI_Citation>
              <gmd:title>
                <gco:CharacterString>local._none_.geocat.ch</gco:CharacterString>
              </gmd:title>
              <gmd:date gco:nilReason="missing" />
            </gmd:CI_Citation>
          </gmd:thesaurusName>
        </gmd:MD_Keywords>
      </gmd:descriptiveKeywords>
      <gmd:descriptiveKeywords xmlns:xlink="http://www.w3.org/1999/xlink" xlink:show="embed">
        <gmd:MD_Keywords xmlns:skos="http://www.w3.org/2004/02/skos/core#" xmlns:xsi="http://www.w3.org/2001/XMLSchema-instance">
          <gmd:keyword xsi:type="gmd:PT_FreeText_PropertyType">
            <gmd:PT_FreeText>
              <gmd:textGroup>
                <gmd:LocalisedCharacterString locale="#EN">Path</gmd:LocalisedCharacterString>
              </gmd:textGroup>
              <gmd:textGroup>
                <gmd:LocalisedCharacterString locale="#IT">cammino</gmd:LocalisedCharacterString>
              </gmd:textGroup>
              <gmd:textGroup>
                <gmd:LocalisedCharacterString locale="#DE">Weg</gmd:LocalisedCharacterString>
              </gmd:textGroup>
              <gmd:textGroup>
                <gmd:LocalisedCharacterString locale="#FR">chemin</gmd:LocalisedCharacterString>
              </gmd:textGroup>
            </gmd:PT_FreeText>
          </gmd:keyword>
          <gmd:thesaurusName>
            <gmd:CI_Citation>
              <gmd:title>
                <gco:CharacterString>local._none_.geocat.ch</gco:CharacterString>
              </gmd:title>
              <gmd:date gco:nilReason="missing" />
            </gmd:CI_Citation>
          </gmd:thesaurusName>
        </gmd:MD_Keywords>
      </gmd:descriptiveKeywords>
      <gmd:descriptiveKeywords xmlns:xlink="http://www.w3.org/1999/xlink" xlink:show="embed">
        <gmd:MD_Keywords xmlns:skos="http://www.w3.org/2004/02/skos/core#" xmlns:xsi="http://www.w3.org/2001/XMLSchema-instance">
          <gmd:keyword xsi:type="gmd:PT_FreeText_PropertyType">
            <gmd:PT_FreeText>
              <gmd:textGroup>
                <gmd:LocalisedCharacterString locale="#EN">Individual Symbol</gmd:LocalisedCharacterString>
              </gmd:textGroup>
              <gmd:textGroup>
                <gmd:LocalisedCharacterString locale="#IT">Simbolo individuale</gmd:LocalisedCharacterString>
              </gmd:textGroup>
              <gmd:textGroup>
                <gmd:LocalisedCharacterString locale="#DE">Einzelsignatur</gmd:LocalisedCharacterString>
              </gmd:textGroup>
              <gmd:textGroup>
                <gmd:LocalisedCharacterString locale="#FR">Symbole individuel</gmd:LocalisedCharacterString>
              </gmd:textGroup>
            </gmd:PT_FreeText>
          </gmd:keyword>
          <gmd:thesaurusName>
            <gmd:CI_Citation>
              <gmd:title>
                <gco:CharacterString>local._none_.geocat.ch</gco:CharacterString>
              </gmd:title>
              <gmd:date gco:nilReason="missing" />
            </gmd:CI_Citation>
          </gmd:thesaurusName>
        </gmd:MD_Keywords>
      </gmd:descriptiveKeywords>
      <gmd:descriptiveKeywords xmlns:xlink="http://www.w3.org/1999/xlink" xlink:show="embed">
        <gmd:MD_Keywords xmlns:skos="http://www.w3.org/2004/02/skos/core#" xmlns:xsi="http://www.w3.org/2001/XMLSchema-instance">
          <gmd:keyword xsi:type="gmd:PT_FreeText_PropertyType">
            <gmd:PT_FreeText>
              <gmd:textGroup>
                <gmd:LocalisedCharacterString locale="#EN">Terrain representation</gmd:LocalisedCharacterString>
              </gmd:textGroup>
              <gmd:textGroup>
                <gmd:LocalisedCharacterString locale="#IT">rappresentazione dell terreno</gmd:LocalisedCharacterString>
              </gmd:textGroup>
              <gmd:textGroup>
                <gmd:LocalisedCharacterString locale="#DE">Geländedarstellung</gmd:LocalisedCharacterString>
              </gmd:textGroup>
              <gmd:textGroup>
                <gmd:LocalisedCharacterString locale="#FR">Représentation du terrain</gmd:LocalisedCharacterString>
              </gmd:textGroup>
            </gmd:PT_FreeText>
          </gmd:keyword>
          <gmd:thesaurusName>
            <gmd:CI_Citation>
              <gmd:title>
                <gco:CharacterString>local._none_.geocat.ch</gco:CharacterString>
              </gmd:title>
              <gmd:date gco:nilReason="missing" />
            </gmd:CI_Citation>
          </gmd:thesaurusName>
        </gmd:MD_Keywords>
      </gmd:descriptiveKeywords>
      <gmd:descriptiveKeywords xmlns:xlink="http://www.w3.org/1999/xlink" xlink:show="embed">
        <gmd:MD_Keywords xmlns:skos="http://www.w3.org/2004/02/skos/core#" xmlns:xsi="http://www.w3.org/2001/XMLSchema-instance">
          <gmd:keyword xsi:type="gmd:PT_FreeText_PropertyType">
            <gmd:PT_FreeText>
              <gmd:textGroup>
                <gmd:LocalisedCharacterString locale="#EN">brook</gmd:LocalisedCharacterString>
              </gmd:textGroup>
              <gmd:textGroup>
                <gmd:LocalisedCharacterString locale="#IT">ruscello</gmd:LocalisedCharacterString>
              </gmd:textGroup>
              <gmd:textGroup>
                <gmd:LocalisedCharacterString locale="#DE">Bach</gmd:LocalisedCharacterString>
              </gmd:textGroup>
              <gmd:textGroup>
                <gmd:LocalisedCharacterString locale="#FR">ruisseau</gmd:LocalisedCharacterString>
              </gmd:textGroup>
            </gmd:PT_FreeText>
          </gmd:keyword>
          <gmd:thesaurusName>
            <gmd:CI_Citation>
              <gmd:title>
                <gco:CharacterString>external._none_.gemet</gco:CharacterString>
              </gmd:title>
              <gmd:date gco:nilReason="missing" />
            </gmd:CI_Citation>
          </gmd:thesaurusName>
        </gmd:MD_Keywords>
      </gmd:descriptiveKeywords>
      <gmd:descriptiveKeywords xmlns:xlink="http://www.w3.org/1999/xlink" xlink:show="embed">
        <gmd:MD_Keywords xmlns:skos="http://www.w3.org/2004/02/skos/core#" xmlns:xsi="http://www.w3.org/2001/XMLSchema-instance">
          <gmd:keyword xsi:type="gmd:PT_FreeText_PropertyType">
            <gmd:PT_FreeText>
              <gmd:textGroup>
                <gmd:LocalisedCharacterString locale="#EN">rock</gmd:LocalisedCharacterString>
              </gmd:textGroup>
              <gmd:textGroup>
                <gmd:LocalisedCharacterString locale="#IT">roccia</gmd:LocalisedCharacterString>
              </gmd:textGroup>
              <gmd:textGroup>
                <gmd:LocalisedCharacterString locale="#DE">Fels</gmd:LocalisedCharacterString>
              </gmd:textGroup>
              <gmd:textGroup>
                <gmd:LocalisedCharacterString locale="#FR">roche</gmd:LocalisedCharacterString>
              </gmd:textGroup>
            </gmd:PT_FreeText>
          </gmd:keyword>
          <gmd:thesaurusName>
            <gmd:CI_Citation>
              <gmd:title>
                <gco:CharacterString>external._none_.gemet</gco:CharacterString>
              </gmd:title>
              <gmd:date gco:nilReason="missing" />
            </gmd:CI_Citation>
          </gmd:thesaurusName>
        </gmd:MD_Keywords>
      </gmd:descriptiveKeywords>
      <gmd:descriptiveKeywords xmlns:xlink="http://www.w3.org/1999/xlink" xlink:show="embed">
        <gmd:MD_Keywords xmlns:skos="http://www.w3.org/2004/02/skos/core#" xmlns:xsi="http://www.w3.org/2001/XMLSchema-instance">
          <gmd:keyword xsi:type="gmd:PT_FreeText_PropertyType">
            <gmd:PT_FreeText>
              <gmd:textGroup>
                <gmd:LocalisedCharacterString locale="#EN">GIS</gmd:LocalisedCharacterString>
              </gmd:textGroup>
              <gmd:textGroup>
                <gmd:LocalisedCharacterString locale="#IT">GIS</gmd:LocalisedCharacterString>
              </gmd:textGroup>
              <gmd:textGroup>
                <gmd:LocalisedCharacterString locale="#DE">GIS</gmd:LocalisedCharacterString>
              </gmd:textGroup>
              <gmd:textGroup>
                <gmd:LocalisedCharacterString locale="#FR">SIG</gmd:LocalisedCharacterString>
              </gmd:textGroup>
            </gmd:PT_FreeText>
          </gmd:keyword>
          <gmd:thesaurusName>
            <gmd:CI_Citation>
              <gmd:title>
                <gco:CharacterString>local._none_.geocat.ch</gco:CharacterString>
              </gmd:title>
              <gmd:date gco:nilReason="missing" />
            </gmd:CI_Citation>
          </gmd:thesaurusName>
        </gmd:MD_Keywords>
      </gmd:descriptiveKeywords>
      <gmd:descriptiveKeywords xmlns:xlink="http://www.w3.org/1999/xlink" xlink:show="embed">
        <gmd:MD_Keywords xmlns:skos="http://www.w3.org/2004/02/skos/core#" xmlns:xsi="http://www.w3.org/2001/XMLSchema-instance">
          <gmd:keyword xsi:type="gmd:PT_FreeText_PropertyType">
            <gmd:PT_FreeText>
              <gmd:textGroup>
                <gmd:LocalisedCharacterString locale="#EN">Situation</gmd:LocalisedCharacterString>
              </gmd:textGroup>
              <gmd:textGroup>
                <gmd:LocalisedCharacterString locale="#IT">Situazione</gmd:LocalisedCharacterString>
              </gmd:textGroup>
              <gmd:textGroup>
                <gmd:LocalisedCharacterString locale="#DE">Situation</gmd:LocalisedCharacterString>
              </gmd:textGroup>
              <gmd:textGroup>
                <gmd:LocalisedCharacterString locale="#FR">Situation</gmd:LocalisedCharacterString>
              </gmd:textGroup>
            </gmd:PT_FreeText>
          </gmd:keyword>
          <gmd:thesaurusName>
            <gmd:CI_Citation>
              <gmd:title>
                <gco:CharacterString>local._none_.geocat.ch</gco:CharacterString>
              </gmd:title>
              <gmd:date gco:nilReason="missing" />
            </gmd:CI_Citation>
          </gmd:thesaurusName>
        </gmd:MD_Keywords>
      </gmd:descriptiveKeywords>
      <gmd:descriptiveKeywords xmlns:xlink="http://www.w3.org/1999/xlink" xlink:show="embed">
        <gmd:MD_Keywords xmlns:skos="http://www.w3.org/2004/02/skos/core#" xmlns:xsi="http://www.w3.org/2001/XMLSchema-instance">
          <gmd:keyword xsi:type="gmd:PT_FreeText_PropertyType">
            <gmd:PT_FreeText>
              <gmd:textGroup>
                <gmd:LocalisedCharacterString locale="#EN">Boundary line</gmd:LocalisedCharacterString>
              </gmd:textGroup>
              <gmd:textGroup>
                <gmd:LocalisedCharacterString locale="#IT">linea di confine</gmd:LocalisedCharacterString>
              </gmd:textGroup>
              <gmd:textGroup>
                <gmd:LocalisedCharacterString locale="#DE">Grenzlinie</gmd:LocalisedCharacterString>
              </gmd:textGroup>
              <gmd:textGroup>
                <gmd:LocalisedCharacterString locale="#FR">Ligne de frontières</gmd:LocalisedCharacterString>
              </gmd:textGroup>
            </gmd:PT_FreeText>
          </gmd:keyword>
          <gmd:thesaurusName>
            <gmd:CI_Citation>
              <gmd:title>
                <gco:CharacterString>local._none_.geocat.ch</gco:CharacterString>
              </gmd:title>
              <gmd:date gco:nilReason="missing" />
            </gmd:CI_Citation>
          </gmd:thesaurusName>
        </gmd:MD_Keywords>
      </gmd:descriptiveKeywords>
      <gmd:descriptiveKeywords xmlns:xlink="http://www.w3.org/1999/xlink">
        <gmd:MD_Keywords xmlns:skos="http://www.w3.org/2004/02/skos/core#" xmlns:xsi="http://www.w3.org/2001/XMLSchema-instance">
          <gmd:keyword xsi:type="gmd:PT_FreeText_PropertyType">
            <gmd:PT_FreeText>
              <gmd:textGroup>
                <gmd:LocalisedCharacterString locale="#EN">Historic map</gmd:LocalisedCharacterString>
              </gmd:textGroup>
              <gmd:textGroup>
                <gmd:LocalisedCharacterString locale="#DE">Historische Karte</gmd:LocalisedCharacterString>
              </gmd:textGroup>
              <gmd:textGroup>
                <gmd:LocalisedCharacterString locale="#FR">Carte historique</gmd:LocalisedCharacterString>
              </gmd:textGroup>
              <gmd:textGroup>
                <gmd:LocalisedCharacterString locale="#IT">carta storica</gmd:LocalisedCharacterString>
              </gmd:textGroup>
            </gmd:PT_FreeText>
          </gmd:keyword>
          <gmd:thesaurusName>
            <gmd:CI_Citation>
              <gmd:title>
                <gco:CharacterString>local._none_.geocat.ch</gco:CharacterString>
              </gmd:title>
              <gmd:date gco:nilReason="missing" />
            </gmd:CI_Citation>
          </gmd:thesaurusName>
        </gmd:MD_Keywords>
      </gmd:descriptiveKeywords>
      <gmd:descriptiveKeywords xmlns:xlink="http://www.w3.org/1999/xlink">
        <gmd:MD_Keywords xmlns:skos="http://www.w3.org/2004/02/skos/core#" xmlns:xsi="http://www.w3.org/2001/XMLSchema-instance">
          <gmd:keyword xsi:type="gmd:PT_FreeText_PropertyType">
            <gmd:PT_FreeText>
              <gmd:textGroup>
                <gmd:LocalisedCharacterString locale="#EN">Countour line</gmd:LocalisedCharacterString>
              </gmd:textGroup>
              <gmd:textGroup>
                <gmd:LocalisedCharacterString locale="#DE">Höhenkurve, Höhenlinie</gmd:LocalisedCharacterString>
              </gmd:textGroup>
              <gmd:textGroup>
                <gmd:LocalisedCharacterString locale="#FR">Courbe de niveau</gmd:LocalisedCharacterString>
              </gmd:textGroup>
              <gmd:textGroup>
                <gmd:LocalisedCharacterString locale="#IT">Curva di livello</gmd:LocalisedCharacterString>
              </gmd:textGroup>
            </gmd:PT_FreeText>
          </gmd:keyword>
          <gmd:thesaurusName>
            <gmd:CI_Citation>
              <gmd:title>
                <gco:CharacterString>local._none_.geocat.ch</gco:CharacterString>
              </gmd:title>
              <gmd:date gco:nilReason="missing" />
            </gmd:CI_Citation>
          </gmd:thesaurusName>
        </gmd:MD_Keywords>
      </gmd:descriptiveKeywords>
      <gmd:descriptiveKeywords xmlns:xlink="http://www.w3.org/1999/xlink">
        <gmd:MD_Keywords xmlns:skos="http://www.w3.org/2004/02/skos/core#" xmlns:xsi="http://www.w3.org/2001/XMLSchema-instance">
          <gmd:keyword xsi:type="gmd:PT_FreeText_PropertyType">
            <gmd:PT_FreeText>
              <gmd:textGroup>
                <gmd:LocalisedCharacterString locale="#EN">Spot height</gmd:LocalisedCharacterString>
              </gmd:textGroup>
              <gmd:textGroup>
                <gmd:LocalisedCharacterString locale="#DE">Höhenkote</gmd:LocalisedCharacterString>
              </gmd:textGroup>
              <gmd:textGroup>
                <gmd:LocalisedCharacterString locale="#FR">Cote d'altitude</gmd:LocalisedCharacterString>
              </gmd:textGroup>
              <gmd:textGroup>
                <gmd:LocalisedCharacterString locale="#IT">quota altimetrica</gmd:LocalisedCharacterString>
              </gmd:textGroup>
            </gmd:PT_FreeText>
          </gmd:keyword>
          <gmd:thesaurusName>
            <gmd:CI_Citation>
              <gmd:title>
                <gco:CharacterString>local._none_.geocat.ch</gco:CharacterString>
              </gmd:title>
              <gmd:date gco:nilReason="missing" />
            </gmd:CI_Citation>
          </gmd:thesaurusName>
        </gmd:MD_Keywords>
      </gmd:descriptiveKeywords>
      <gmd:descriptiveKeywords xmlns:xlink="http://www.w3.org/1999/xlink">
        <gmd:MD_Keywords xmlns:skos="http://www.w3.org/2004/02/skos/core#" xmlns:xsi="http://www.w3.org/2001/XMLSchema-instance">
          <gmd:keyword xsi:type="gmd:PT_FreeText_PropertyType">
            <gmd:PT_FreeText>
              <gmd:textGroup>
                <gmd:LocalisedCharacterString locale="#EN">e-geo.ch geoportal</gmd:LocalisedCharacterString>
              </gmd:textGroup>
              <gmd:textGroup>
                <gmd:LocalisedCharacterString locale="#DE">e-geo.ch Geoportal</gmd:LocalisedCharacterString>
              </gmd:textGroup>
              <gmd:textGroup>
                <gmd:LocalisedCharacterString locale="#FR">géoportail e-geo.ch</gmd:LocalisedCharacterString>
              </gmd:textGroup>
              <gmd:textGroup>
                <gmd:LocalisedCharacterString locale="#IT">geoportale e-geo.ch</gmd:LocalisedCharacterString>
              </gmd:textGroup>
            </gmd:PT_FreeText>
          </gmd:keyword>
          <gmd:thesaurusName>
            <gmd:CI_Citation>
              <gmd:title>
                <gco:CharacterString>local._none_.geocat.ch</gco:CharacterString>
              </gmd:title>
              <gmd:date gco:nilReason="missing" />
            </gmd:CI_Citation>
          </gmd:thesaurusName>
        </gmd:MD_Keywords>
      </gmd:descriptiveKeywords>
      <gmd:spatialRepresentationType>
        <gmd:MD_SpatialRepresentationTypeCode codeList="http://www.isotc211.org/2005/resources/codeList.xml#MD_SpatialRepresentationTypeCode" codeListValue="grid" />
      </gmd:spatialRepresentationType>
      <gmd:spatialResolution>
        <gmd:MD_Resolution>
          <gmd:equivalentScale>
            <gmd:MD_RepresentativeFraction>
              <gmd:denominator>
                <gco:Integer>25000</gco:Integer>
              </gmd:denominator>
            </gmd:MD_RepresentativeFraction>
          </gmd:equivalentScale>
        </gmd:MD_Resolution>
      </gmd:spatialResolution>
      <gmd:spatialResolution>
        <gmd:MD_Resolution>
          <gmd:equivalentScale>
            <gmd:MD_RepresentativeFraction>
              <gmd:denominator>
                <gco:Integer>50000</gco:Integer>
              </gmd:denominator>
            </gmd:MD_RepresentativeFraction>
          </gmd:equivalentScale>
        </gmd:MD_Resolution>
      </gmd:spatialResolution>
      <gmd:language>
        <gco:CharacterString>deu</gco:CharacterString>
      </gmd:language>
      <gmd:language>
        <gco:CharacterString>fra</gco:CharacterString>
      </gmd:language>
      <gmd:language>
        <gco:CharacterString>ita</gco:CharacterString>
      </gmd:language>
      <gmd:language gco:nilReason="missing">
        <gco:CharacterString />
      </gmd:language>
      <gmd:characterSet>
        <gmd:MD_CharacterSetCode codeList="http://www.isotc211.org/2005/resources/codeList.xml#MD_CharacterSetCode" codeListValue="utf8" />
      </gmd:characterSet>
      <gmd:topicCategory>
        <gmd:MD_TopicCategoryCode>imageryBaseMapsEarthCover</gmd:MD_TopicCategoryCode>
      </gmd:topicCategory>
      <gmd:extent xmlns:xlink="http://www.w3.org/1999/xlink" xlink:show="embed">
        <gmd:EX_Extent>
          <gmd:description xmlns:xsi="http://www.w3.org/2001/XMLSchema-instance" xsi:type="gmd:PT_FreeText_PropertyType">
            <gmd:PT_FreeText>
              <gmd:textGroup>
                <gmd:LocalisedCharacterString locale="#DE">Siegfriedkarte</gmd:LocalisedCharacterString>
              </gmd:textGroup>
              <gmd:textGroup>
                <gmd:LocalisedCharacterString locale="#FR">Carte Siegfried</gmd:LocalisedCharacterString>
              </gmd:textGroup>
              <gmd:textGroup>
                <gmd:LocalisedCharacterString locale="#IT">Carta Siegfried</gmd:LocalisedCharacterString>
              </gmd:textGroup>
              <gmd:textGroup>
                <gmd:LocalisedCharacterString locale="#EN">Siegfried map</gmd:LocalisedCharacterString>
              </gmd:textGroup>
            </gmd:PT_FreeText>
          </gmd:description>
          <gmd:geographicElement>
            <gmd:EX_GeographicDescription>
              <gmd:geographicIdentifier>
                <gmd:MD_Identifier>
                  <gmd:code xmlns:xsi="http://www.w3.org/2001/XMLSchema-instance" xsi:type="gmd:PT_FreeText_PropertyType">
                    <gmd:PT_FreeText>
                      <gmd:textGroup>
                        <gmd:LocalisedCharacterString locale="#DE">TA</gmd:LocalisedCharacterString>
                      </gmd:textGroup>
                      <gmd:textGroup>
                        <gmd:LocalisedCharacterString locale="#FR">AT</gmd:LocalisedCharacterString>
                      </gmd:textGroup>
                      <gmd:textGroup>
                        <gmd:LocalisedCharacterString locale="#IT">AT</gmd:LocalisedCharacterString>
                      </gmd:textGroup>
                      <gmd:textGroup>
                        <gmd:LocalisedCharacterString locale="#EN">TA</gmd:LocalisedCharacterString>
                      </gmd:textGroup>
                      <gmd:textGroup>
                        <gmd:LocalisedCharacterString locale="#RM">null</gmd:LocalisedCharacterString>
                      </gmd:textGroup>
                    </gmd:PT_FreeText>
                  </gmd:code>
                </gmd:MD_Identifier>
              </gmd:geographicIdentifier>
            </gmd:EX_GeographicDescription>
          </gmd:geographicElement>
          <gmd:geographicElement>
            <gmd:EX_BoundingPolygon>
              <gmd:extentTypeCode>
                <gco:Boolean>1</gco:Boolean>
              </gmd:extentTypeCode>
              <gmd:polygon>
                <gml:MultiSurface gml:id="Nf29150c22ff7423291095995357d329f">
                  <gml:surfaceMember>
                    <gml:Polygon gml:id="N7d6234a8a52240feb38ef6cfa771c2fe">
                      <gml:exterior>
                        <gml:LinearRing>
                          <gml:posList>8.757 47.807 8.756 47.753 8.872 47.752 8.989 47.75 8.987 47.696 9.104 47.695 9.22 47.693 9.337 47.691 9.335 47.637 9.451 47.635 9.449 47.581 9.566 47.579 9.563 47.525 9.68 47.523 9.677 47.469 9.675 47.415 9.673 47.361 9.67 47.307 9.668 47.253 9.553 47.256 9.551 47.202 9.548 47.148 9.546 47.094 9.777 47.089 10.007 47.084 10.237 47.079 10.468 47.073 10.461 46.965 10.691 46.959 10.685 46.851 10.678 46.743 10.672 46.635 10.665 46.527 10.437 46.534 10.209 46.54 10.204 46.432 10.198 46.324 10.193 46.216 9.966 46.221 9.74 46.226 9.513 46.23 9.286 46.234 9.282 46.126 9.279 46.019 9.053 46.022 9.051 45.968 9.164 45.966 9.162 45.912 9.161 45.858 9.048 45.86 9.046 45.806 8.934 45.808 8.821 45.809 8.823 45.863 8.824 45.917 8.826 45.971 8.713 45.972 8.714 46.026 8.601 46.028 8.375 46.03 8.149 46.031 8.148 45.923 7.922 45.925 7.696 45.925 7.471 45.926 7.471 45.818 7.246 45.817 7.021 45.817 7.02 45.925 6.794 45.924 6.793 46.032 6.792 46.14 6.79 46.248 6.79 46.302 6.789 46.356 6.788 46.409 6.675 46.409 6.561 46.408 6.562 46.354 6.448 46.353 6.334 46.352 6.335 46.298 6.337 46.244 6.338 46.19 6.224 46.189 6.226 46.135 6.112 46.134 5.999 46.132 5.886 46.131 5.884 46.185 5.883 46.239 5.996 46.24 6.11 46.242 6.108 46.296 6.107 46.35 6.106 46.404 5.992 46.402 5.991 46.456 5.989 46.51 6.103 46.511 6.102 46.565 6.1 46.619 6.099 46.673 6.213 46.675 6.212 46.729 6.327 46.73 6.325 46.784 6.44 46.785 6.439 46.839 6.438 46.893 6.437 46.947 6.436 47.001 6.551 47.002 6.55 47.056 6.665 47.056 6.665 47.11 6.78 47.111 6.779 47.165 6.779 47.219 6.894 47.22 6.893 47.274 6.893 47.328 6.892 47.382 6.892 47.435 6.891 47.489 7.007 47.49 7.123 47.49 7.123 47.544 7.239 47.545 7.24 47.491 7.356 47.491 7.356 47.545 7.472 47.545 7.472 47.599 7.588 47.599 7.705 47.598 7.821 47.598 7.937 47.598 8.054 47.597 8.17 47.596 8.171 47.65 8.287 47.65 8.404 47.649 8.405 47.703 8.406 47.757 8.407 47.811 8.523 47.809 8.64 47.808 8.757 47.807</gml:posList>
                        </gml:LinearRing>
                      </gml:exterior>
                    </gml:Polygon>
                  </gml:surfaceMember>
                </gml:MultiSurface>
              </gmd:polygon>
            </gmd:EX_BoundingPolygon>
          </gmd:geographicElement>
          <gmd:geographicElement>
            <gmd:EX_GeographicBoundingBox>
              <gmd:extentTypeCode>
                <gco:Boolean>1</gco:Boolean>
              </gmd:extentTypeCode>
              <gmd:westBoundLongitude>
                <gco:Decimal>5.883</gco:Decimal>
              </gmd:westBoundLongitude>
              <gmd:eastBoundLongitude>
                <gco:Decimal>10.691</gco:Decimal>
              </gmd:eastBoundLongitude>
              <gmd:southBoundLatitude>
                <gco:Decimal>45.806</gco:Decimal>
              </gmd:southBoundLatitude>
              <gmd:northBoundLatitude>
                <gco:Decimal>47.811</gco:Decimal>
              </gmd:northBoundLatitude>
            </gmd:EX_GeographicBoundingBox>
          </gmd:geographicElement>
        </gmd:EX_Extent>
      </gmd:extent>
    </gmd:MD_DataIdentification>
  </gmd:identificationInfo>
  <gmd:contentInfo xmlns:comp="http://www.geocat.ch/2003/05/gateway/GM03Comprehensive" xmlns:xalan="http://xml.apache.org/xalan" xmlns:che="http://www.geocat.ch/2008/che" xmlns:srv="http://www.isotc211.org/2005/srv" xmlns:gco="http://www.isotc211.org/2005/gco" xmlns:gml="http://www.opengis.net/gml" xmlns:geonet="http://www.fao.org/geonetwork" />
  <gmd:distributionInfo xmlns:comp="http://www.geocat.ch/2003/05/gateway/GM03Comprehensive" xmlns:xalan="http://xml.apache.org/xalan" xmlns:che="http://www.geocat.ch/2008/che" xmlns:srv="http://www.isotc211.org/2005/srv" xmlns:gco="http://www.isotc211.org/2005/gco" xmlns:gml="http://www.opengis.net/gml" xmlns:geonet="http://www.fao.org/geonetwork">
    <gmd:MD_Distribution>
      <gmd:distributionFormat xmlns:xlink="http://www.w3.org/1999/xlink">
        <gmd:MD_Format>
          <gmd:name>
            <gco:CharacterString>JPG</gco:CharacterString>
          </gmd:name>
          <gmd:version>
            <gco:CharacterString>-</gco:CharacterString>
          </gmd:version>
        </gmd:MD_Format>
      </gmd:distributionFormat>
      <gmd:distributionFormat xmlns:xlink="http://www.w3.org/1999/xlink">
        <gmd:MD_Format>
          <gmd:name>
            <gco:CharacterString>TIFF</gco:CharacterString>
          </gmd:name>
          <gmd:version>
            <gco:CharacterString>-</gco:CharacterString>
          </gmd:version>
        </gmd:MD_Format>
      </gmd:distributionFormat>
      <gmd:transferOptions>
        <gmd:MD_DigitalTransferOptions>
          <gmd:onLine>
            <gmd:CI_OnlineResource>
              <gmd:linkage xmlns:xsi="http://www.w3.org/2001/XMLSchema-instance" />
              <gmd:protocol>
                <gco:CharacterString>WWW:LINK-1.0-http--link</gco:CharacterString>
              </gmd:protocol>
              <gmd:name gco:nilReason="missing">
                <gco:CharacterString />
              </gmd:name>
              <gmd:description xmlns:xsi="http://www.w3.org/2001/XMLSchema-instance" xsi:type="gmd:PT_FreeText_PropertyType">
                <gmd:PT_FreeText xmlns:xlink="http://www.w3.org/1999/xlink" xmlns:gmx="http://www.isotc211.org/2005/gmx" xmlns:gts="http://www.isotc211.org/2005/gts">
                  <gmd:textGroup>
                    <gmd:LocalisedCharacterString locale="#DE">Digitale Siegfriedkarte</gmd:LocalisedCharacterString>
                  </gmd:textGroup>
                  <gmd:textGroup>
                    <gmd:LocalisedCharacterString locale="#FR">Carte Siegfried sous forme numérique</gmd:LocalisedCharacterString>
                  </gmd:textGroup>
                  <gmd:textGroup>
                    <gmd:LocalisedCharacterString locale="#EN">Digital Siegfried Map</gmd:LocalisedCharacterString>
                  </gmd:textGroup>
                  <gmd:textGroup>
                    <gmd:LocalisedCharacterString locale="#IT">Carta Siegfried digitale</gmd:LocalisedCharacterString>
                  </gmd:textGroup>
                </gmd:PT_FreeText>
              </gmd:description>
              <gmd:function>
                <gmd:CI_OnLineFunctionCode codeList="http://www.isotc211.org/2005/resources/codeList.xml#CI_OnLineFunctionCode" codeListValue="information" />
              </gmd:function>
            </gmd:CI_OnlineResource>
          </gmd:onLine>
        </gmd:MD_DigitalTransferOptions>
      </gmd:transferOptions>
      <gmd:transferOptions>
        <gmd:MD_DigitalTransferOptions>
          <gmd:onLine>
            <gmd:CI_OnlineResource>
              <gmd:linkage xmlns:xsi="http://www.w3.org/2001/XMLSchema-instance" />
              <gmd:protocol>
                <gco:CharacterString>WWW:LINK-1.0-http--download</gco:CharacterString>
              </gmd:protocol>
            </gmd:CI_OnlineResource>
          </gmd:onLine>
        </gmd:MD_DigitalTransferOptions>
      </gmd:transferOptions>
      <gmd:transferOptions>
        <gmd:MD_DigitalTransferOptions>
          <gmd:onLine>
            <gmd:CI_OnlineResource>
              <gmd:linkage xmlns:xsi="http://www.w3.org/2001/XMLSchema-instance" />
              <gmd:protocol>
                <gco:CharacterString>CHTOPO:specialised-geoportal</gco:CharacterString>
              </gmd:protocol>
            </gmd:CI_OnlineResource>
          </gmd:onLine>
        </gmd:MD_DigitalTransferOptions>
      </gmd:transferOptions>
      <gmd:transferOptions>
        <gmd:MD_DigitalTransferOptions>
          <gmd:onLine>
            <gmd:CI_OnlineResource>
              <gmd:linkage />
              <gmd:protocol>
                <gco:CharacterString>OGC:WMTS-http-get-capabilities</gco:CharacterString>
              </gmd:protocol>
              <gmd:name>
                <gco:CharacterString>ch.swisstopo.hiks-siegfried</gco:CharacterString>
              </gmd:name>
              <gmd:description xmlns:xsi="http://www.w3.org/2001/XMLSchema-instance" xsi:type="gmd:PT_FreeText_PropertyType">
                <gmd:PT_FreeText xmlns:xlink="http://www.w3.org/1999/xlink" xmlns:gmx="http://www.isotc211.org/2005/gmx" xmlns:gts="http://www.isotc211.org/2005/gts">
                  <gmd:textGroup>
                    <gmd:LocalisedCharacterString locale="#DE">WMTS für das Nationale Geoportal</gmd:LocalisedCharacterString>
                  </gmd:textGroup>
                  <gmd:textGroup>
                    <gmd:LocalisedCharacterString locale="#FR">WMTS pour le géoportail national</gmd:LocalisedCharacterString>
                  </gmd:textGroup>
                  <gmd:textGroup>
                    <gmd:LocalisedCharacterString locale="#EN">WMTS for the national geoportal</gmd:LocalisedCharacterString>
                  </gmd:textGroup>
                </gmd:PT_FreeText>
              </gmd:description>
            </gmd:CI_OnlineResource>
          </gmd:onLine>
        </gmd:MD_DigitalTransferOptions>
      </gmd:transferOptions>
    </gmd:MD_Distribution>
  </gmd:distributionInfo>
  <gmd:dataQualityInfo xmlns:comp="http://www.geocat.ch/2003/05/gateway/GM03Comprehensive" xmlns:xalan="http://xml.apache.org/xalan" xmlns:gmi="http://www.isotc211.org/2005/gmi" xmlns:che="http://www.geocat.ch/2008/che" xmlns:srv="http://www.isotc211.org/2005/srv" xmlns:gco="http://www.isotc211.org/2005/gco" xmlns:gml="http://www.opengis.net/gml" xmlns:geonet="http://www.fao.org/geonetwork">
    <gmd:DQ_DataQuality>
      <gmd:scope>
        <gmd:DQ_Scope>
          <gmd:level>
            <gmd:MD_ScopeCode codeList="http://www.isotc211.org/2005/resources/codeList.xml#MD_ScopeCode" codeListValue="dataset" />
          </gmd:level>
        </gmd:DQ_Scope>
      </gmd:scope>
      <gmd:lineage>
        <gmd:LI_Lineage>
          <gmd:statement xmlns:xsi="http://www.w3.org/2001/XMLSchema-instance" xsi:type="gmd:PT_FreeText_PropertyType">
            <gmd:PT_FreeText xmlns:xlink="http://www.w3.org/1999/xlink" xmlns:gmx="http://www.isotc211.org/2005/gmx" xmlns:gts="http://www.isotc211.org/2005/gts">
              <gmd:textGroup>
                <gmd:LocalisedCharacterString locale="#DE">Basiert auf der Siegfriedkarte 1:25'000 und 1:50'000</gmd:LocalisedCharacterString>
              </gmd:textGroup>
              <gmd:textGroup>
                <gmd:LocalisedCharacterString locale="#FR">Se base sur la Carte Siegfried 1:25 000 et 1:50 000</gmd:LocalisedCharacterString>
              </gmd:textGroup>
              <gmd:textGroup>
                <gmd:LocalisedCharacterString locale="#EN">Based on the Siegfried Map 1:25 000 and 1:50 000</gmd:LocalisedCharacterString>
              </gmd:textGroup>
            </gmd:PT_FreeText>
          </gmd:statement>
        </gmd:LI_Lineage>
      </gmd:lineage>
    </gmd:DQ_DataQuality>
  </gmd:dataQualityInfo>
</gmd:MD_Metadata>