<?xml version="1.0" encoding="UTF-8"?>

<gmd:MD_Metadata xmlns:gmd="http://www.isotc211.org/2005/gmd">
  <gmd:fileIdentifier xmlns:xalan="http://xml.apache.org/xalan" xmlns:comp="http://www.geocat.ch/2003/05/gateway/GM03Comprehensive" xmlns:xsi="http://www.w3.org/2001/XMLSchema-instance" xmlns:che="http://www.geocat.ch/2008/che" xmlns:srv="http://www.isotc211.org/2005/srv" xmlns:gco="http://www.isotc211.org/2005/gco" xmlns:gml="http://www.opengis.net/gml" xmlns:geonet="http://www.fao.org/geonetwork">
    <gco:CharacterString>993a3d7d-070d-4992-92cb-ef82d2853661</gco:CharacterString>
  </gmd:fileIdentifier>
  <gmd:language xmlns:xalan="http://xml.apache.org/xalan" xmlns:comp="http://www.geocat.ch/2003/05/gateway/GM03Comprehensive" xmlns:xsi="http://www.w3.org/2001/XMLSchema-instance" xmlns:che="http://www.geocat.ch/2008/che" xmlns:srv="http://www.isotc211.org/2005/srv" xmlns:gco="http://www.isotc211.org/2005/gco" xmlns:gml="http://www.opengis.net/gml" xmlns:geonet="http://www.fao.org/geonetwork">
    <gco:CharacterString>deu</gco:CharacterString>
  </gmd:language>
  <gmd:characterSet xmlns:xalan="http://xml.apache.org/xalan" xmlns:comp="http://www.geocat.ch/2003/05/gateway/GM03Comprehensive" xmlns:xsi="http://www.w3.org/2001/XMLSchema-instance" xmlns:che="http://www.geocat.ch/2008/che" xmlns:srv="http://www.isotc211.org/2005/srv" xmlns:gco="http://www.isotc211.org/2005/gco" xmlns:gml="http://www.opengis.net/gml" xmlns:geonet="http://www.fao.org/geonetwork">
    <gmd:MD_CharacterSetCode codeListValue="utf8" codeList="http://www.isotc211.org/2005/resources/codeList.xml#MD_CharacterSetCode" />
  </gmd:characterSet>
  <gmd:parentIdentifier xmlns:che="http://www.geocat.ch/2008/che" xmlns:srv="http://www.isotc211.org/2005/srv" xmlns:gco="http://www.isotc211.org/2005/gco" xmlns:gml="http://www.opengis.net/gml" xmlns:geonet="http://www.fao.org/geonetwork">
    <gco:CharacterString>aee4fe79-a583-46a1-bf46-19ee613ce415</gco:CharacterString>
  </gmd:parentIdentifier>
  <gmd:hierarchyLevel xmlns:xalan="http://xml.apache.org/xalan" xmlns:comp="http://www.geocat.ch/2003/05/gateway/GM03Comprehensive" xmlns:xsi="http://www.w3.org/2001/XMLSchema-instance" xmlns:che="http://www.geocat.ch/2008/che" xmlns:srv="http://www.isotc211.org/2005/srv" xmlns:gco="http://www.isotc211.org/2005/gco" xmlns:gml="http://www.opengis.net/gml" xmlns:geonet="http://www.fao.org/geonetwork">
    <gmd:MD_ScopeCode codeListValue="dataset" codeList="http://www.isotc211.org/2005/resources/codeList.xml#MD_ScopeCode" />
  </gmd:hierarchyLevel>
  <gmd:hierarchyLevelName xmlns:xalan="http://xml.apache.org/xalan" xmlns:comp="http://www.geocat.ch/2003/05/gateway/GM03Comprehensive" xmlns:xsi="http://www.w3.org/2001/XMLSchema-instance" xmlns:che="http://www.geocat.ch/2008/che" xmlns:srv="http://www.isotc211.org/2005/srv" xmlns:gco="http://www.isotc211.org/2005/gco" xmlns:gml="http://www.opengis.net/gml" xmlns:geonet="http://www.fao.org/geonetwork">
    <gco:CharacterString>Layer</gco:CharacterString>
  </gmd:hierarchyLevelName>
  <gmd:contact xmlns:xlink="http://www.w3.org/1999/xlink" xmlns:che="http://www.geocat.ch/2008/che" xmlns:srv="http://www.isotc211.org/2005/srv" xmlns:gco="http://www.isotc211.org/2005/gco" xmlns:gml="http://www.opengis.net/gml" xmlns:geonet="http://www.fao.org/geonetwork">
    <gmd:CI_ResponsibleParty>
      <gmd:organisationName xmlns:xsi="http://www.w3.org/2001/XMLSchema-instance" xsi:type="gmd:PT_FreeText_PropertyType">
        <gmd:PT_FreeText>
          <gmd:textGroup>
            <gmd:LocalisedCharacterString locale="#DE">Bundesamt für Landestopografie</gmd:LocalisedCharacterString>
          </gmd:textGroup>
          <gmd:textGroup>
            <gmd:LocalisedCharacterString locale="#FR">Office fédéral de topographie</gmd:LocalisedCharacterString>
          </gmd:textGroup>
          <gmd:textGroup>
            <gmd:LocalisedCharacterString locale="#IT">Ufficio federale di topografia</gmd:LocalisedCharacterString>
          </gmd:textGroup>
          <gmd:textGroup>
            <gmd:LocalisedCharacterString locale="#EN">Federal Office of Topography</gmd:LocalisedCharacterString>
          </gmd:textGroup>
        </gmd:PT_FreeText>
      </gmd:organisationName>
      <gmd:positionName xmlns:xsi="http://www.w3.org/2001/XMLSchema-instance" xsi:type="gmd:PT_FreeText_PropertyType">
        <gmd:PT_FreeText>
          <gmd:textGroup>
            <gmd:LocalisedCharacterString locale="#DE">Metadaten</gmd:LocalisedCharacterString>
          </gmd:textGroup>
          <gmd:textGroup>
            <gmd:LocalisedCharacterString locale="#FR">Métadonnées</gmd:LocalisedCharacterString>
          </gmd:textGroup>
          <gmd:textGroup>
            <gmd:LocalisedCharacterString locale="#IT">Metadati</gmd:LocalisedCharacterString>
          </gmd:textGroup>
          <gmd:textGroup>
            <gmd:LocalisedCharacterString locale="#EN">Metadata contact</gmd:LocalisedCharacterString>
          </gmd:textGroup>
        </gmd:PT_FreeText>
      </gmd:positionName>
      <gmd:contactInfo xmlns:xsi="http://www.w3.org/2001/XMLSchema-instance">
        <gmd:CI_Contact>
          <gmd:phone>
            <gmd:CI_Telephone>
              <gmd:voice>
                <gco:CharacterString>+41 31 963 21 11</gco:CharacterString>
              </gmd:voice>
              <gmd:facsimile>
                <gco:CharacterString>+41 31 963 24 59</gco:CharacterString>
              </gmd:facsimile>
            </gmd:CI_Telephone>
          </gmd:phone>
          <gmd:address>
            <gmd:CI_Address>
              <gmd:city>
                <gco:CharacterString>Wabern</gco:CharacterString>
              </gmd:city>
              <gmd:postalCode>
                <gco:CharacterString>3084</gco:CharacterString>
              </gmd:postalCode>
              <gmd:country xsi:type="gmd:PT_FreeText_PropertyType">
                <gco:CharacterString>CH</gco:CharacterString>
              </gmd:country>
              <gmd:electronicMailAddress>
                <gco:CharacterString>metadata@swisstopo.ch</gco:CharacterString>
              </gmd:electronicMailAddress>
            </gmd:CI_Address>
          </gmd:address>
          <gmd:onlineResource>
            <gmd:CI_OnlineResource>
              <gmd:linkage />
              <gmd:protocol>
                <gco:CharacterString>text/html</gco:CharacterString>
              </gmd:protocol>
              <gmd:name xsi:type="gmd:PT_FreeText_PropertyType">
                <gmd:PT_FreeText>
                  <gmd:textGroup>
                    <gmd:LocalisedCharacterString locale="#EN" />
                  </gmd:textGroup>
                </gmd:PT_FreeText>
              </gmd:name>
              <gmd:description xsi:type="gmd:PT_FreeText_PropertyType">
                <gmd:PT_FreeText>
                  <gmd:textGroup>
                    <gmd:LocalisedCharacterString locale="#EN" />
                  </gmd:textGroup>
                </gmd:PT_FreeText>
              </gmd:description>
            </gmd:CI_OnlineResource>
          </gmd:onlineResource>
          <gmd:hoursOfService>
            <gco:CharacterString>08h30 - 11h00 / 14h00 - 16h00 GMT+1</gco:CharacterString>
          </gmd:hoursOfService>
        </gmd:CI_Contact>
      </gmd:contactInfo>
      <gmd:role xmlns:xsi="http://www.w3.org/2001/XMLSchema-instance">
        <gmd:CI_RoleCode codeListValue="pointOfContact" codeList="http://www.isotc211.org/2005/resources/codeList.xml#CI_RoleCode" />
      </gmd:role>
    </gmd:CI_ResponsibleParty>
  </gmd:contact>
  <gmd:dateStamp xmlns:xalan="http://xml.apache.org/xalan" xmlns:comp="http://www.geocat.ch/2003/05/gateway/GM03Comprehensive" xmlns:xsi="http://www.w3.org/2001/XMLSchema-instance" xmlns:che="http://www.geocat.ch/2008/che" xmlns:srv="http://www.isotc211.org/2005/srv" xmlns:gco="http://www.isotc211.org/2005/gco" xmlns:gml="http://www.opengis.net/gml" xmlns:geonet="http://www.fao.org/geonetwork">
    <gco:DateTime>2012-04-27T13:35:09</gco:DateTime>
  </gmd:dateStamp>
  <gmd:metadataStandardName xmlns:srv="http://www.isotc211.org/2005/srv" xmlns:gmi="http://www.isotc211.org/2005/gmi" xmlns:gmx="http://www.isotc211.org/2005/gmx" xmlns:xsi="http://www.w3.org/2001/XMLSchema-instance" xmlns:gfc="http://www.isotc211.org/2005/gfc" xmlns:gco="http://www.isotc211.org/2005/gco" xmlns:xlink="http://www.w3.org/1999/xlink" xmlns:gml="http://www.opengis.net/gml">
    <gco:CharacterString>ISO 19115/19119</gco:CharacterString>
  </gmd:metadataStandardName>
  <gmd:locale xmlns:xalan="http://xml.apache.org/xalan" xmlns:comp="http://www.geocat.ch/2003/05/gateway/GM03Comprehensive" xmlns:xsi="http://www.w3.org/2001/XMLSchema-instance" xmlns:che="http://www.geocat.ch/2008/che" xmlns:srv="http://www.isotc211.org/2005/srv" xmlns:gco="http://www.isotc211.org/2005/gco" xmlns:gml="http://www.opengis.net/gml" xmlns:geonet="http://www.fao.org/geonetwork">
    <gmd:PT_Locale id="DE">
      <gmd:languageCode>
        <gmd:LanguageCode codeListValue="deu" codeList="#LanguageCode">German</gmd:LanguageCode>
      </gmd:languageCode>
      <gmd:characterEncoding>
        <gmd:MD_CharacterSetCode codeListValue="utf8" codeList="#MD_CharacterSetCode">UTF8</gmd:MD_CharacterSetCode>
      </gmd:characterEncoding>
    </gmd:PT_Locale>
  </gmd:locale>
  <gmd:locale xmlns:xalan="http://xml.apache.org/xalan" xmlns:comp="http://www.geocat.ch/2003/05/gateway/GM03Comprehensive" xmlns:xsi="http://www.w3.org/2001/XMLSchema-instance" xmlns:che="http://www.geocat.ch/2008/che" xmlns:srv="http://www.isotc211.org/2005/srv" xmlns:gco="http://www.isotc211.org/2005/gco" xmlns:gml="http://www.opengis.net/gml" xmlns:geonet="http://www.fao.org/geonetwork">
    <gmd:PT_Locale id="FR">
      <gmd:languageCode>
        <gmd:LanguageCode codeListValue="fra" codeList="#LanguageCode">French</gmd:LanguageCode>
      </gmd:languageCode>
      <gmd:characterEncoding>
        <gmd:MD_CharacterSetCode codeListValue="utf8" codeList="#MD_CharacterSetCode">UTF8</gmd:MD_CharacterSetCode>
      </gmd:characterEncoding>
    </gmd:PT_Locale>
  </gmd:locale>
  <gmd:locale xmlns:xalan="http://xml.apache.org/xalan" xmlns:comp="http://www.geocat.ch/2003/05/gateway/GM03Comprehensive" xmlns:xsi="http://www.w3.org/2001/XMLSchema-instance" xmlns:che="http://www.geocat.ch/2008/che" xmlns:srv="http://www.isotc211.org/2005/srv" xmlns:gco="http://www.isotc211.org/2005/gco" xmlns:gml="http://www.opengis.net/gml" xmlns:geonet="http://www.fao.org/geonetwork">
    <gmd:PT_Locale id="IT">
      <gmd:languageCode>
        <gmd:LanguageCode codeListValue="ita" codeList="#LanguageCode">Italian</gmd:LanguageCode>
      </gmd:languageCode>
      <gmd:characterEncoding>
        <gmd:MD_CharacterSetCode codeListValue="utf8" codeList="#MD_CharacterSetCode">UTF8</gmd:MD_CharacterSetCode>
      </gmd:characterEncoding>
    </gmd:PT_Locale>
  </gmd:locale>
  <gmd:locale xmlns:xalan="http://xml.apache.org/xalan" xmlns:comp="http://www.geocat.ch/2003/05/gateway/GM03Comprehensive" xmlns:xsi="http://www.w3.org/2001/XMLSchema-instance" xmlns:che="http://www.geocat.ch/2008/che" xmlns:srv="http://www.isotc211.org/2005/srv" xmlns:gco="http://www.isotc211.org/2005/gco" xmlns:gml="http://www.opengis.net/gml" xmlns:geonet="http://www.fao.org/geonetwork">
    <gmd:PT_Locale id="EN">
      <gmd:languageCode>
        <gmd:LanguageCode codeListValue="eng" codeList="#LanguageCode">English</gmd:LanguageCode>
      </gmd:languageCode>
      <gmd:characterEncoding>
        <gmd:MD_CharacterSetCode codeListValue="utf8" codeList="#MD_CharacterSetCode">UTF8</gmd:MD_CharacterSetCode>
      </gmd:characterEncoding>
    </gmd:PT_Locale>
  </gmd:locale>
  <gmd:spatialRepresentationInfo xmlns:xalan="http://xml.apache.org/xalan" xmlns:comp="http://www.geocat.ch/2003/05/gateway/GM03Comprehensive" xmlns:xsi="http://www.w3.org/2001/XMLSchema-instance" xmlns:che="http://www.geocat.ch/2008/che" xmlns:srv="http://www.isotc211.org/2005/srv" xmlns:gco="http://www.isotc211.org/2005/gco" xmlns:gml="http://www.opengis.net/gml" xmlns:geonet="http://www.fao.org/geonetwork">
    <gmd:MD_VectorSpatialRepresentation>
      <gmd:topologyLevel>
        <gmd:MD_TopologyLevelCode codeListValue="fullPlanarGraph" codeList="http://www.isotc211.org/2005/resources/codeList.xml#MD_TopologyLevelCode" />
      </gmd:topologyLevel>
      <gmd:geometricObjects>
        <gmd:MD_GeometricObjects>
          <gmd:geometricObjectType>
            <gmd:MD_GeometricObjectTypeCode codeListValue="curve" codeList="http://www.isotc211.org/2005/resources/codeList.xml#MD_GeometricObjectTypeCode" />
          </gmd:geometricObjectType>
          <gmd:geometricObjectCount>
            <gco:Integer>1300000</gco:Integer>
          </gmd:geometricObjectCount>
        </gmd:MD_GeometricObjects>
      </gmd:geometricObjects>
    </gmd:MD_VectorSpatialRepresentation>
  </gmd:spatialRepresentationInfo>
  <gmd:referenceSystemInfo xmlns:xalan="http://xml.apache.org/xalan" xmlns:comp="http://www.geocat.ch/2003/05/gateway/GM03Comprehensive" xmlns:xsi="http://www.w3.org/2001/XMLSchema-instance" xmlns:che="http://www.geocat.ch/2008/che" xmlns:srv="http://www.isotc211.org/2005/srv" xmlns:gco="http://www.isotc211.org/2005/gco" xmlns:gml="http://www.opengis.net/gml" xmlns:geonet="http://www.fao.org/geonetwork">
    <gmd:MD_ReferenceSystem>
      <gmd:referenceSystemIdentifier>
        <gmd:RS_Identifier>
          <gmd:code xsi:type="gmd:PT_FreeText_PropertyType">
            <gmd:PT_FreeText>
              <gmd:textGroup>
                <gmd:LocalisedCharacterString locale="#FR">EPSG:21781</gmd:LocalisedCharacterString>
              </gmd:textGroup>
              <gmd:textGroup>
                <gmd:LocalisedCharacterString locale="#DE">EPSG:21781</gmd:LocalisedCharacterString>
              </gmd:textGroup>
            </gmd:PT_FreeText>
          </gmd:code>
        </gmd:RS_Identifier>
      </gmd:referenceSystemIdentifier>
    </gmd:MD_ReferenceSystem>
  </gmd:referenceSystemInfo>
  <gmd:identificationInfo xmlns:xalan="http://xml.apache.org/xalan" xmlns:comp="http://www.geocat.ch/2003/05/gateway/GM03Comprehensive" xmlns:xsi="http://www.w3.org/2001/XMLSchema-instance" xmlns:che="http://www.geocat.ch/2008/che" xmlns:srv="http://www.isotc211.org/2005/srv" xmlns:gco="http://www.isotc211.org/2005/gco" xmlns:gml="http://www.opengis.net/gml" xmlns:geonet="http://www.fao.org/geonetwork">
    <gmd:MD_DataIdentification>
      <gmd:citation>
        <gmd:CI_Citation>
          <gmd:title xsi:type="gmd:PT_FreeText_PropertyType">
            <gmd:PT_FreeText xmlns:xlink="http://www.w3.org/1999/xlink" xmlns:gmx="http://www.isotc211.org/2005/gmx" xmlns:gts="http://www.isotc211.org/2005/gts">
              <gmd:textGroup>
                <gmd:LocalisedCharacterString locale="#DE">VECTOR25 Strassennetz</gmd:LocalisedCharacterString>
              </gmd:textGroup>
              <gmd:textGroup>
                <gmd:LocalisedCharacterString locale="#FR">VECTOR25 Réseau routier</gmd:LocalisedCharacterString>
              </gmd:textGroup>
              <gmd:textGroup>
                <gmd:LocalisedCharacterString locale="#EN">VECTOR25 Road network</gmd:LocalisedCharacterString>
              </gmd:textGroup>
              <gmd:textGroup>
                <gmd:LocalisedCharacterString locale="#IT">VECTOR25 Rete stradale</gmd:LocalisedCharacterString>
              </gmd:textGroup>
            </gmd:PT_FreeText>
          </gmd:title>
          <gmd:alternateTitle xsi:type="gmd:PT_FreeText_PropertyType">
            <gmd:PT_FreeText xmlns:xlink="http://www.w3.org/1999/xlink" xmlns:gmx="http://www.isotc211.org/2005/gmx" xmlns:gts="http://www.isotc211.org/2005/gts">
              <gmd:textGroup>
                <gmd:LocalisedCharacterString locale="#DE">Strassennetz VECTOR25</gmd:LocalisedCharacterString>
              </gmd:textGroup>
              <gmd:textGroup>
                <gmd:LocalisedCharacterString locale="#FR">Réseau routier VECTOR25</gmd:LocalisedCharacterString>
              </gmd:textGroup>
              <gmd:textGroup>
                <gmd:LocalisedCharacterString locale="#EN">Road network VECTOR25</gmd:LocalisedCharacterString>
              </gmd:textGroup>
              <gmd:textGroup>
                <gmd:LocalisedCharacterString locale="#IT">Rete stradale VECTOR25</gmd:LocalisedCharacterString>
              </gmd:textGroup>
            </gmd:PT_FreeText>
          </gmd:alternateTitle>
          <gmd:date>
            <gmd:CI_Date>
              <gmd:date>
                <gco:Date>2008-08-31</gco:Date>
              </gmd:date>
              <gmd:dateType>
                <gmd:CI_DateTypeCode codeListValue="publication" codeList="http://www.isotc211.org/2005/resources/codeList.xml#CI_DateTypeCode" />
              </gmd:dateType>
            </gmd:CI_Date>
          </gmd:date>
          <gmd:otherCitationDetails xsi:type="gmd:PT_FreeText_PropertyType">
            <gmd:PT_FreeText xmlns:xlink="http://www.w3.org/1999/xlink" xmlns:gmx="http://www.isotc211.org/2005/gmx" xmlns:gts="http://www.isotc211.org/2005/gts">
              <gmd:textGroup>
                <gmd:LocalisedCharacterString locale="#DE">Teil des VECTOR25 Datensatzes</gmd:LocalisedCharacterString>
              </gmd:textGroup>
              <gmd:textGroup>
                <gmd:LocalisedCharacterString locale="#FR">Fait partie du jeux de données VECTOR25</gmd:LocalisedCharacterString>
              </gmd:textGroup>
              <gmd:textGroup>
                <gmd:LocalisedCharacterString locale="#EN">Part of the vECTOR25 Dataset</gmd:LocalisedCharacterString>
              </gmd:textGroup>
            </gmd:PT_FreeText>
          </gmd:otherCitationDetails>
          <gmd:collectiveTitle xsi:type="gmd:PT_FreeText_PropertyType">
            <gmd:PT_FreeText xmlns:xlink="http://www.w3.org/1999/xlink" xmlns:gmx="http://www.isotc211.org/2005/gmx" xmlns:gts="http://www.isotc211.org/2005/gts">
              <gmd:textGroup>
                <gmd:LocalisedCharacterString locale="#DE">Topografisches Landschaftsmodell (Landesvermessung)</gmd:LocalisedCharacterString>
              </gmd:textGroup>
              <gmd:textGroup>
                <gmd:LocalisedCharacterString locale="#FR">Modèle topographique du paysage (mensuration nationale)</gmd:LocalisedCharacterString>
              </gmd:textGroup>
              <gmd:textGroup>
                <gmd:LocalisedCharacterString locale="#IT">Modello topografico del paesaggio (misurazione nazionale)</gmd:LocalisedCharacterString>
              </gmd:textGroup>
            </gmd:PT_FreeText>
          </gmd:collectiveTitle>
        </gmd:CI_Citation>
      </gmd:citation>
      <gmd:abstract xsi:type="gmd:PT_FreeText_PropertyType">
        <gmd:PT_FreeText xmlns:xlink="http://www.w3.org/1999/xlink" xmlns:gmx="http://www.isotc211.org/2005/gmx" xmlns:gts="http://www.isotc211.org/2005/gts">
          <gmd:textGroup>
            <gmd:LocalisedCharacterString locale="#DE">Die Ebene Strassennetz (Abkürzung str) von VECTOR25 umfasst das gesamte Strassen- und Wegnetz der Landeskarte 1:25'000. Die Klassierung der Strassen (Objektarten) entspricht der Kartenlegende. In den deutschen und französischen Grenzgebieten wurde aus diesem Grund die ausländische Klassierung (z.B. Wirtweg oder route étroite) verwendet. Die Strassen bilden ein Liniennetz: Strassenabschnitte (Kanten), welche sich niveaugleich kreuzen, haben einen gemeinsamen Knoten. Damit ist eine Routensuche grundsätzlich möglich. Strassenklassen, welche nur in eine Richtung befahren werden können (z.B. Autobahneinfahrt), sind in der Fahrtrichtung erfasst. Das übrige Verkehrsregime (Fahrverbote, Einbahnstrassen, Abbiegeverbote) ist in VECTOR25 nicht enthalten. Strassenabschnitte, welche in Tunnels oder auf Brücken verlaufen, sind entsprechend attributiert. Das Attribut "HikingType" kennzeichnet die offiziellen markierten Wanderwege (Schweizer Wanderwege, SAW).</gmd:LocalisedCharacterString>
          </gmd:textGroup>
          <gmd:textGroup>
            <gmd:LocalisedCharacterString locale="#FR">La couche Réseau routier (abréviation str) de VECTOR25 comprend le réseau complet des routes et des chemins figurant sur la Carte nationale 1:25'000. La classification (catégories d'objet) correspond à la légende de la carte. Pour cette raison, en régions frontalières allemande et française, la classification étrangère est conservée (p.ex. Wirtweg ou route étroite). Les routes constituent un réseau de lignes: les tronçons (arcs) qui se croisent au même niveau ont un noeud commun permettant la planification de routes. Les catégories de routes qui ne peuvent être empruntées que dans un sens défini (p.ex. entrée d'autoroute) sont saisies avec le sens de la direction. Les autres indications concernant l'organisation de la circulation ne sont pas contenues (p.ex. interdiction de circuler ou de tourner, sens unique, etc.). Les tronçons de routes qui passent dans des tunnels ou sur des ponts ont un attribut correspondant. L'attribut "HikingType" indique les chemins de randonnée pédestre officiels balisés (FSTP).</gmd:LocalisedCharacterString>
          </gmd:textGroup>
          <gmd:textGroup>
            <gmd:LocalisedCharacterString locale="#EN">The layer road network (abbreviation "str") from VECTOR25 includes the entire road- and pathnetwork of the National Map 1:25'000. The road classification (kind of object) corresponds to the map legend. For this reason the foreign classification (e.g. "Wirtweg" or "route étroite") was used for the adjoining French and German territory. The roads form a line network: road sections (edges) which cross at the same level have a common node. Basically, this allows a route search. Oriented road classifications which can only be traveled in one direction (e.g. freeway entrance) are stored as such. The remaining traffic regulations (one-way streets, no turns, prohibited to traffic) are not taken into account in VECTOR25. Roads going through tunnels or over bridges are attributed respectively. The attribute "HikingType" identifies the official marked trails (Swiss Hiking Federation).</gmd:LocalisedCharacterString>
          </gmd:textGroup>
        </gmd:PT_FreeText>
      </gmd:abstract>
      <gmd:status>
        <gmd:MD_ProgressCode codeListValue="completed" codeList="http://www.isotc211.org/2005/resources/codeList.xml#MD_ProgressCode" />
      </gmd:status>
      <gmd:pointOfContact xmlns:xlink="http://www.w3.org/1999/xlink">
        <gmd:CI_ResponsibleParty>
          <gmd:organisationName xsi:type="gmd:PT_FreeText_PropertyType">
            <gmd:PT_FreeText>
              <gmd:textGroup>
                <gmd:LocalisedCharacterString locale="#DE">Bundesamt für Landestopografie</gmd:LocalisedCharacterString>
              </gmd:textGroup>
              <gmd:textGroup>
                <gmd:LocalisedCharacterString locale="#FR">Office fédéral de topographie</gmd:LocalisedCharacterString>
              </gmd:textGroup>
              <gmd:textGroup>
                <gmd:LocalisedCharacterString locale="#IT">Ufficio federale di topografia</gmd:LocalisedCharacterString>
              </gmd:textGroup>
              <gmd:textGroup>
                <gmd:LocalisedCharacterString locale="#EN">Federal Office of Topography</gmd:LocalisedCharacterString>
              </gmd:textGroup>
            </gmd:PT_FreeText>
          </gmd:organisationName>
          <gmd:positionName xsi:type="gmd:PT_FreeText_PropertyType">
            <gmd:PT_FreeText>
              <gmd:textGroup>
                <gmd:LocalisedCharacterString locale="#DE">Geodatenabgabe</gmd:LocalisedCharacterString>
              </gmd:textGroup>
              <gmd:textGroup>
                <gmd:LocalisedCharacterString locale="#FR">Distribution des géodonnées</gmd:LocalisedCharacterString>
              </gmd:textGroup>
              <gmd:textGroup>
                <gmd:LocalisedCharacterString locale="#IT">Distribuzione di geodati</gmd:LocalisedCharacterString>
              </gmd:textGroup>
              <gmd:textGroup>
                <gmd:LocalisedCharacterString locale="#EN">Geodata Distribution</gmd:LocalisedCharacterString>
              </gmd:textGroup>
            </gmd:PT_FreeText>
          </gmd:positionName>
          <gmd:contactInfo>
            <gmd:CI_Contact>
              <gmd:phone>
                <gmd:CI_Telephone>
                  <gmd:voice>
                    <gco:CharacterString>+41 31 963 21 11</gco:CharacterString>
                  </gmd:voice>
                  <gmd:facsimile>
                    <gco:CharacterString>+41 31 963 24 59</gco:CharacterString>
                  </gmd:facsimile>
                </gmd:CI_Telephone>
              </gmd:phone>
              <gmd:address>
                <gmd:CI_Address>
                  <gmd:city>
                    <gco:CharacterString>Wabern</gco:CharacterString>
                  </gmd:city>
                  <gmd:postalCode>
                    <gco:CharacterString>3084</gco:CharacterString>
                  </gmd:postalCode>
                  <gmd:country xsi:type="gmd:PT_FreeText_PropertyType">
                    <gco:CharacterString>CH</gco:CharacterString>
                  </gmd:country>
                  <gmd:electronicMailAddress>
                    <gco:CharacterString>geodata@swisstopo.ch</gco:CharacterString>
                  </gmd:electronicMailAddress>
                </gmd:CI_Address>
              </gmd:address>
              <gmd:onlineResource>
                <gmd:CI_OnlineResource>
                  <gmd:linkage />
                  <gmd:protocol>
                    <gco:CharacterString>text/html</gco:CharacterString>
                  </gmd:protocol>
                  <gmd:name xsi:type="gmd:PT_FreeText_PropertyType">
                    <gmd:PT_FreeText>
                      <gmd:textGroup>
                        <gmd:LocalisedCharacterString locale="#EN" />
                      </gmd:textGroup>
                    </gmd:PT_FreeText>
                  </gmd:name>
                  <gmd:description xsi:type="gmd:PT_FreeText_PropertyType">
                    <gmd:PT_FreeText>
                      <gmd:textGroup>
                        <gmd:LocalisedCharacterString locale="#EN" />
                      </gmd:textGroup>
                    </gmd:PT_FreeText>
                  </gmd:description>
                </gmd:CI_OnlineResource>
              </gmd:onlineResource>
            </gmd:CI_Contact>
          </gmd:contactInfo>
          <gmd:role>
            <gmd:CI_RoleCode codeListValue="pointOfContact" codeList="http://www.isotc211.org/2005/resources/codeList.xml#CI_RoleCode" />
          </gmd:role>
        </gmd:CI_ResponsibleParty>
      </gmd:pointOfContact>
      <gmd:resourceMaintenance>
        <gmd:MD_MaintenanceInformation>
          <gmd:maintenanceAndUpdateFrequency>
            <gmd:MD_MaintenanceFrequencyCode codeListValue="notPlanned" codeList="http://www.isotc211.org/2005/resources/codeList.xml#MD_MaintenanceFrequencyCode" />
          </gmd:maintenanceAndUpdateFrequency>
          <gmd:updateScope>
            <gmd:MD_ScopeCode codeListValue="dataset" codeList="http://www.isotc211.org/2005/resources/codeList.xml#MD_ScopeCode" />
          </gmd:updateScope>
          <gmd:maintenanceNote xsi:type="gmd:PT_FreeText_PropertyType">
            <gmd:PT_FreeText xmlns:xlink="http://www.w3.org/1999/xlink" xmlns:gmx="http://www.isotc211.org/2005/gmx" xmlns:gts="http://www.isotc211.org/2005/gts">
              <gmd:textGroup>
                <gmd:LocalisedCharacterString locale="#DE">Wird seit 2008 nicht mehr nachgeführt</gmd:LocalisedCharacterString>
              </gmd:textGroup>
              <gmd:textGroup>
                <gmd:LocalisedCharacterString locale="#FR">N'est plus mis à jour depuis 2008</gmd:LocalisedCharacterString>
              </gmd:textGroup>
              <gmd:textGroup>
                <gmd:LocalisedCharacterString locale="#EN">Since 2008 not updated anymore</gmd:LocalisedCharacterString>
              </gmd:textGroup>
            </gmd:PT_FreeText>
          </gmd:maintenanceNote>
        </gmd:MD_MaintenanceInformation>
      </gmd:resourceMaintenance>
      <gmd:descriptiveKeywords xmlns:xlink="http://www.w3.org/1999/xlink" xlink:show="embed">
        <gmd:MD_Keywords xmlns:skos="http://www.w3.org/2004/02/skos/core#">
          <gmd:keyword xsi:type="gmd:PT_FreeText_PropertyType">
            <gmd:PT_FreeText>
              <gmd:textGroup>
                <gmd:LocalisedCharacterString locale="#EN">motorway</gmd:LocalisedCharacterString>
              </gmd:textGroup>
              <gmd:textGroup>
                <gmd:LocalisedCharacterString locale="#IT">autostrada</gmd:LocalisedCharacterString>
              </gmd:textGroup>
              <gmd:textGroup>
                <gmd:LocalisedCharacterString locale="#DE">Autobahn</gmd:LocalisedCharacterString>
              </gmd:textGroup>
              <gmd:textGroup>
                <gmd:LocalisedCharacterString locale="#FR">autoroute</gmd:LocalisedCharacterString>
              </gmd:textGroup>
            </gmd:PT_FreeText>
          </gmd:keyword>
          <gmd:thesaurusName>
            <gmd:CI_Citation>
              <gmd:title>
                <gco:CharacterString>external._none_.gemet</gco:CharacterString>
              </gmd:title>
              <gmd:date gco:nilReason="missing" />
            </gmd:CI_Citation>
          </gmd:thesaurusName>
        </gmd:MD_Keywords>
      </gmd:descriptiveKeywords>
      <gmd:descriptiveKeywords xmlns:xlink="http://www.w3.org/1999/xlink" xlink:show="embed">
        <gmd:MD_Keywords xmlns:skos="http://www.w3.org/2004/02/skos/core#">
          <gmd:keyword xsi:type="gmd:PT_FreeText_PropertyType">
            <gmd:PT_FreeText>
              <gmd:textGroup>
                <gmd:LocalisedCharacterString locale="#EN">road traffic</gmd:LocalisedCharacterString>
              </gmd:textGroup>
              <gmd:textGroup>
                <gmd:LocalisedCharacterString locale="#IT">traffico su strada</gmd:LocalisedCharacterString>
              </gmd:textGroup>
              <gmd:textGroup>
                <gmd:LocalisedCharacterString locale="#DE">Straßenverkehr</gmd:LocalisedCharacterString>
              </gmd:textGroup>
              <gmd:textGroup>
                <gmd:LocalisedCharacterString locale="#FR">trafic routier</gmd:LocalisedCharacterString>
              </gmd:textGroup>
            </gmd:PT_FreeText>
          </gmd:keyword>
          <gmd:thesaurusName>
            <gmd:CI_Citation>
              <gmd:title>
                <gco:CharacterString>external._none_.gemet</gco:CharacterString>
              </gmd:title>
              <gmd:date gco:nilReason="missing" />
            </gmd:CI_Citation>
          </gmd:thesaurusName>
        </gmd:MD_Keywords>
      </gmd:descriptiveKeywords>
      <gmd:descriptiveKeywords xmlns:xlink="http://www.w3.org/1999/xlink" xlink:show="embed">
        <gmd:MD_Keywords xmlns:skos="http://www.w3.org/2004/02/skos/core#">
          <gmd:keyword xsi:type="gmd:PT_FreeText_PropertyType">
            <gmd:PT_FreeText>
              <gmd:textGroup>
                <gmd:LocalisedCharacterString locale="#EN">geographic information system</gmd:LocalisedCharacterString>
              </gmd:textGroup>
              <gmd:textGroup>
                <gmd:LocalisedCharacterString locale="#IT">sistema informativo geografico</gmd:LocalisedCharacterString>
              </gmd:textGroup>
              <gmd:textGroup>
                <gmd:LocalisedCharacterString locale="#DE">Geographisches Informationssystem</gmd:LocalisedCharacterString>
              </gmd:textGroup>
              <gmd:textGroup>
                <gmd:LocalisedCharacterString locale="#FR">système d'information géographique</gmd:LocalisedCharacterString>
              </gmd:textGroup>
            </gmd:PT_FreeText>
          </gmd:keyword>
          <gmd:thesaurusName>
            <gmd:CI_Citation>
              <gmd:title>
                <gco:CharacterString>external._none_.gemet</gco:CharacterString>
              </gmd:title>
              <gmd:date gco:nilReason="missing" />
            </gmd:CI_Citation>
          </gmd:thesaurusName>
        </gmd:MD_Keywords>
      </gmd:descriptiveKeywords>
      <gmd:descriptiveKeywords xmlns:xlink="http://www.w3.org/1999/xlink" xlink:show="embed">
        <gmd:MD_Keywords xmlns:skos="http://www.w3.org/2004/02/skos/core#">
          <gmd:keyword xsi:type="gmd:PT_FreeText_PropertyType">
            <gmd:PT_FreeText>
              <gmd:textGroup>
                <gmd:LocalisedCharacterString locale="#EN">Path netwok</gmd:LocalisedCharacterString>
              </gmd:textGroup>
              <gmd:textGroup>
                <gmd:LocalisedCharacterString locale="#IT">rete di cammino</gmd:LocalisedCharacterString>
              </gmd:textGroup>
              <gmd:textGroup>
                <gmd:LocalisedCharacterString locale="#DE">Wegnetz</gmd:LocalisedCharacterString>
              </gmd:textGroup>
              <gmd:textGroup>
                <gmd:LocalisedCharacterString locale="#FR">Réseau de chemin</gmd:LocalisedCharacterString>
              </gmd:textGroup>
            </gmd:PT_FreeText>
          </gmd:keyword>
          <gmd:thesaurusName>
            <gmd:CI_Citation>
              <gmd:title>
                <gco:CharacterString>local._none_.geocat.ch</gco:CharacterString>
              </gmd:title>
              <gmd:date gco:nilReason="missing" />
            </gmd:CI_Citation>
          </gmd:thesaurusName>
        </gmd:MD_Keywords>
      </gmd:descriptiveKeywords>
      <gmd:descriptiveKeywords xmlns:xlink="http://www.w3.org/1999/xlink" xlink:show="embed">
        <gmd:MD_Keywords xmlns:skos="http://www.w3.org/2004/02/skos/core#">
          <gmd:keyword xsi:type="gmd:PT_FreeText_PropertyType">
            <gmd:PT_FreeText>
              <gmd:textGroup>
                <gmd:LocalisedCharacterString locale="#EN">traffic</gmd:LocalisedCharacterString>
              </gmd:textGroup>
              <gmd:textGroup>
                <gmd:LocalisedCharacterString locale="#IT">traffico</gmd:LocalisedCharacterString>
              </gmd:textGroup>
              <gmd:textGroup>
                <gmd:LocalisedCharacterString locale="#DE">Verkehr</gmd:LocalisedCharacterString>
              </gmd:textGroup>
              <gmd:textGroup>
                <gmd:LocalisedCharacterString locale="#FR">trafic</gmd:LocalisedCharacterString>
              </gmd:textGroup>
            </gmd:PT_FreeText>
          </gmd:keyword>
          <gmd:thesaurusName>
            <gmd:CI_Citation>
              <gmd:title>
                <gco:CharacterString>external._none_.gemet</gco:CharacterString>
              </gmd:title>
              <gmd:date gco:nilReason="missing" />
            </gmd:CI_Citation>
          </gmd:thesaurusName>
        </gmd:MD_Keywords>
      </gmd:descriptiveKeywords>
      <gmd:descriptiveKeywords xmlns:xlink="http://www.w3.org/1999/xlink" xlink:show="embed">
        <gmd:MD_Keywords xmlns:skos="http://www.w3.org/2004/02/skos/core#">
          <gmd:keyword xsi:type="gmd:PT_FreeText_PropertyType">
            <gmd:PT_FreeText>
              <gmd:textGroup>
                <gmd:LocalisedCharacterString locale="#EN">GIS</gmd:LocalisedCharacterString>
              </gmd:textGroup>
              <gmd:textGroup>
                <gmd:LocalisedCharacterString locale="#IT">GIS</gmd:LocalisedCharacterString>
              </gmd:textGroup>
              <gmd:textGroup>
                <gmd:LocalisedCharacterString locale="#DE">GIS</gmd:LocalisedCharacterString>
              </gmd:textGroup>
              <gmd:textGroup>
                <gmd:LocalisedCharacterString locale="#FR">SIG</gmd:LocalisedCharacterString>
              </gmd:textGroup>
            </gmd:PT_FreeText>
          </gmd:keyword>
          <gmd:thesaurusName>
            <gmd:CI_Citation>
              <gmd:title>
                <gco:CharacterString>local._none_.geocat.ch</gco:CharacterString>
              </gmd:title>
              <gmd:date gco:nilReason="missing" />
            </gmd:CI_Citation>
          </gmd:thesaurusName>
        </gmd:MD_Keywords>
      </gmd:descriptiveKeywords>
      <gmd:descriptiveKeywords xmlns:xlink="http://www.w3.org/1999/xlink" xlink:show="embed">
        <gmd:MD_Keywords xmlns:skos="http://www.w3.org/2004/02/skos/core#">
          <gmd:keyword xsi:type="gmd:PT_FreeText_PropertyType">
            <gmd:PT_FreeText>
              <gmd:textGroup>
                <gmd:LocalisedCharacterString locale="#EN">Landscape model</gmd:LocalisedCharacterString>
              </gmd:textGroup>
              <gmd:textGroup>
                <gmd:LocalisedCharacterString locale="#IT">modello del territorio</gmd:LocalisedCharacterString>
              </gmd:textGroup>
              <gmd:textGroup>
                <gmd:LocalisedCharacterString locale="#DE">Landschaftsmodell</gmd:LocalisedCharacterString>
              </gmd:textGroup>
              <gmd:textGroup>
                <gmd:LocalisedCharacterString locale="#FR">modèle du territoire</gmd:LocalisedCharacterString>
              </gmd:textGroup>
            </gmd:PT_FreeText>
          </gmd:keyword>
          <gmd:thesaurusName>
            <gmd:CI_Citation>
              <gmd:title>
                <gco:CharacterString>local._none_.geocat.ch</gco:CharacterString>
              </gmd:title>
              <gmd:date gco:nilReason="missing" />
            </gmd:CI_Citation>
          </gmd:thesaurusName>
        </gmd:MD_Keywords>
      </gmd:descriptiveKeywords>
      <gmd:descriptiveKeywords xmlns:xlink="http://www.w3.org/1999/xlink" xlink:show="embed">
        <gmd:MD_Keywords xmlns:skos="http://www.w3.org/2004/02/skos/core#">
          <gmd:keyword xsi:type="gmd:PT_FreeText_PropertyType">
            <gmd:PT_FreeText>
              <gmd:textGroup>
                <gmd:LocalisedCharacterString locale="#EN">Traffic network</gmd:LocalisedCharacterString>
              </gmd:textGroup>
              <gmd:textGroup>
                <gmd:LocalisedCharacterString locale="#IT">rete di trasporto</gmd:LocalisedCharacterString>
              </gmd:textGroup>
              <gmd:textGroup>
                <gmd:LocalisedCharacterString locale="#DE">Verkehrsnetz</gmd:LocalisedCharacterString>
              </gmd:textGroup>
              <gmd:textGroup>
                <gmd:LocalisedCharacterString locale="#FR">Réseau de transport</gmd:LocalisedCharacterString>
              </gmd:textGroup>
            </gmd:PT_FreeText>
          </gmd:keyword>
          <gmd:thesaurusName>
            <gmd:CI_Citation>
              <gmd:title>
                <gco:CharacterString>local._none_.geocat.ch</gco:CharacterString>
              </gmd:title>
              <gmd:date gco:nilReason="missing" />
            </gmd:CI_Citation>
          </gmd:thesaurusName>
        </gmd:MD_Keywords>
      </gmd:descriptiveKeywords>
      <gmd:descriptiveKeywords xmlns:xlink="http://www.w3.org/1999/xlink" xlink:show="embed">
        <gmd:MD_Keywords xmlns:skos="http://www.w3.org/2004/02/skos/core#">
          <gmd:keyword xsi:type="gmd:PT_FreeText_PropertyType">
            <gmd:PT_FreeText>
              <gmd:textGroup>
                <gmd:LocalisedCharacterString locale="#EN">road network</gmd:LocalisedCharacterString>
              </gmd:textGroup>
              <gmd:textGroup>
                <gmd:LocalisedCharacterString locale="#IT">rete stradale</gmd:LocalisedCharacterString>
              </gmd:textGroup>
              <gmd:textGroup>
                <gmd:LocalisedCharacterString locale="#DE">Straßennetz</gmd:LocalisedCharacterString>
              </gmd:textGroup>
              <gmd:textGroup>
                <gmd:LocalisedCharacterString locale="#FR">réseau routier</gmd:LocalisedCharacterString>
              </gmd:textGroup>
            </gmd:PT_FreeText>
          </gmd:keyword>
          <gmd:thesaurusName>
            <gmd:CI_Citation>
              <gmd:title>
                <gco:CharacterString>external._none_.gemet</gco:CharacterString>
              </gmd:title>
              <gmd:date gco:nilReason="missing" />
            </gmd:CI_Citation>
          </gmd:thesaurusName>
        </gmd:MD_Keywords>
      </gmd:descriptiveKeywords>
      <gmd:descriptiveKeywords xmlns:xlink="http://www.w3.org/1999/xlink">
        <gmd:MD_Keywords xmlns:skos="http://www.w3.org/2004/02/skos/core#">
          <gmd:keyword xsi:type="gmd:PT_FreeText_PropertyType">
            <gmd:PT_FreeText>
              <gmd:textGroup>
                <gmd:LocalisedCharacterString locale="#EN">Main road</gmd:LocalisedCharacterString>
              </gmd:textGroup>
              <gmd:textGroup>
                <gmd:LocalisedCharacterString locale="#DE">Hauptstrasse</gmd:LocalisedCharacterString>
              </gmd:textGroup>
              <gmd:textGroup>
                <gmd:LocalisedCharacterString locale="#FR">Route principale</gmd:LocalisedCharacterString>
              </gmd:textGroup>
              <gmd:textGroup>
                <gmd:LocalisedCharacterString locale="#IT">strada principale</gmd:LocalisedCharacterString>
              </gmd:textGroup>
            </gmd:PT_FreeText>
          </gmd:keyword>
          <gmd:thesaurusName>
            <gmd:CI_Citation>
              <gmd:title>
                <gco:CharacterString>local._none_.geocat.ch</gco:CharacterString>
              </gmd:title>
              <gmd:date gco:nilReason="missing" />
            </gmd:CI_Citation>
          </gmd:thesaurusName>
        </gmd:MD_Keywords>
      </gmd:descriptiveKeywords>
      <gmd:descriptiveKeywords xmlns:xlink="http://www.w3.org/1999/xlink">
        <gmd:MD_Keywords xmlns:skos="http://www.w3.org/2004/02/skos/core#">
          <gmd:keyword xsi:type="gmd:PT_FreeText_PropertyType">
            <gmd:PT_FreeText>
              <gmd:textGroup>
                <gmd:LocalisedCharacterString locale="#EN">road</gmd:LocalisedCharacterString>
              </gmd:textGroup>
              <gmd:textGroup>
                <gmd:LocalisedCharacterString locale="#DE">Straße</gmd:LocalisedCharacterString>
              </gmd:textGroup>
              <gmd:textGroup>
                <gmd:LocalisedCharacterString locale="#FR">route</gmd:LocalisedCharacterString>
              </gmd:textGroup>
              <gmd:textGroup>
                <gmd:LocalisedCharacterString locale="#IT">strada</gmd:LocalisedCharacterString>
              </gmd:textGroup>
            </gmd:PT_FreeText>
          </gmd:keyword>
          <gmd:thesaurusName>
            <gmd:CI_Citation>
              <gmd:title>
                <gco:CharacterString>external._none_.gemet</gco:CharacterString>
              </gmd:title>
              <gmd:date gco:nilReason="missing" />
            </gmd:CI_Citation>
          </gmd:thesaurusName>
        </gmd:MD_Keywords>
      </gmd:descriptiveKeywords>
      <gmd:descriptiveKeywords xmlns:xlink="http://www.w3.org/1999/xlink">
        <gmd:MD_Keywords xmlns:skos="http://www.w3.org/2004/02/skos/core#">
          <gmd:keyword xsi:type="gmd:PT_FreeText_PropertyType">
            <gmd:PT_FreeText>
              <gmd:textGroup>
                <gmd:LocalisedCharacterString locale="#EN">Path</gmd:LocalisedCharacterString>
              </gmd:textGroup>
              <gmd:textGroup>
                <gmd:LocalisedCharacterString locale="#DE">Weg</gmd:LocalisedCharacterString>
              </gmd:textGroup>
              <gmd:textGroup>
                <gmd:LocalisedCharacterString locale="#FR">chemin</gmd:LocalisedCharacterString>
              </gmd:textGroup>
              <gmd:textGroup>
                <gmd:LocalisedCharacterString locale="#IT">cammino</gmd:LocalisedCharacterString>
              </gmd:textGroup>
            </gmd:PT_FreeText>
          </gmd:keyword>
          <gmd:thesaurusName>
            <gmd:CI_Citation>
              <gmd:title>
                <gco:CharacterString>local._none_.geocat.ch</gco:CharacterString>
              </gmd:title>
              <gmd:date gco:nilReason="missing" />
            </gmd:CI_Citation>
          </gmd:thesaurusName>
        </gmd:MD_Keywords>
      </gmd:descriptiveKeywords>
      <gmd:descriptiveKeywords xmlns:xlink="http://www.w3.org/1999/xlink">
        <gmd:MD_Keywords xmlns:skos="http://www.w3.org/2004/02/skos/core#">
          <gmd:keyword xsi:type="gmd:PT_FreeText_PropertyType">
            <gmd:PT_FreeText>
              <gmd:textGroup>
                <gmd:LocalisedCharacterString locale="#EN">e-geo.ch geoportal</gmd:LocalisedCharacterString>
              </gmd:textGroup>
              <gmd:textGroup>
                <gmd:LocalisedCharacterString locale="#DE">e-geo.ch Geoportal</gmd:LocalisedCharacterString>
              </gmd:textGroup>
              <gmd:textGroup>
                <gmd:LocalisedCharacterString locale="#FR">géoportail e-geo.ch</gmd:LocalisedCharacterString>
              </gmd:textGroup>
              <gmd:textGroup>
                <gmd:LocalisedCharacterString locale="#IT">geoportale e-geo.ch</gmd:LocalisedCharacterString>
              </gmd:textGroup>
            </gmd:PT_FreeText>
          </gmd:keyword>
          <gmd:thesaurusName>
            <gmd:CI_Citation>
              <gmd:title>
                <gco:CharacterString>local._none_.geocat.ch</gco:CharacterString>
              </gmd:title>
              <gmd:date gco:nilReason="missing" />
            </gmd:CI_Citation>
          </gmd:thesaurusName>
        </gmd:MD_Keywords>
      </gmd:descriptiveKeywords>
      <gmd:resourceConstraints>
        <gmd:MD_LegalConstraints>
          <gmd:useConstraints>
            <gmd:MD_RestrictionCode codeListValue="license" codeList="http://www.isotc211.org/2005/resources/codeList.xml#MD_RestrictionCode" />
          </gmd:useConstraints>
        </gmd:MD_LegalConstraints>
      </gmd:resourceConstraints>
      <gmd:spatialRepresentationType>
        <gmd:MD_SpatialRepresentationTypeCode codeListValue="vector" codeList="http://www.isotc211.org/2005/resources/codeList.xml#MD_SpatialRepresentationTypeCode" />
      </gmd:spatialRepresentationType>
      <gmd:spatialResolution>
        <gmd:MD_Resolution>
          <gmd:equivalentScale>
            <gmd:MD_RepresentativeFraction>
              <gmd:denominator>
                <gco:Integer>25000</gco:Integer>
              </gmd:denominator>
            </gmd:MD_RepresentativeFraction>
          </gmd:equivalentScale>
        </gmd:MD_Resolution>
      </gmd:spatialResolution>
      <gmd:language>
        <gco:CharacterString>deu</gco:CharacterString>
      </gmd:language>
      <gmd:language>
        <gco:CharacterString>eng</gco:CharacterString>
      </gmd:language>
      <gmd:characterSet>
        <gmd:MD_CharacterSetCode codeListValue="utf8" codeList="http://www.isotc211.org/2005/resources/codeList.xml#MD_CharacterSetCode" />
      </gmd:characterSet>
      <gmd:topicCategory>
        <gmd:MD_TopicCategoryCode>imageryBaseMapsEarthCover</gmd:MD_TopicCategoryCode>
      </gmd:topicCategory>
      <gmd:topicCategory>
        <gmd:MD_TopicCategoryCode>transportation</gmd:MD_TopicCategoryCode>
      </gmd:topicCategory>
      <gmd:environmentDescription xsi:type="gmd:PT_FreeText_PropertyType">
        <gmd:PT_FreeText>
          <gmd:textGroup>
            <gmd:LocalisedCharacterString locale="#FR">ARC/INFO</gmd:LocalisedCharacterString>
          </gmd:textGroup>
          <gmd:textGroup>
            <gmd:LocalisedCharacterString locale="#DE">ARC/INFO</gmd:LocalisedCharacterString>
          </gmd:textGroup>
        </gmd:PT_FreeText>
      </gmd:environmentDescription>
      <gmd:extent xmlns:xlink="http://www.w3.org/1999/xlink">
        <gmd:EX_Extent>
          <gmd:description xsi:type="gmd:PT_FreeText_PropertyType">
            <gmd:PT_FreeText>
              <gmd:textGroup>
                <gmd:LocalisedCharacterString locale="#DE">Landeskarte 1:25'000</gmd:LocalisedCharacterString>
              </gmd:textGroup>
              <gmd:textGroup>
                <gmd:LocalisedCharacterString locale="#FR">Carte nationale 1:25'000</gmd:LocalisedCharacterString>
              </gmd:textGroup>
              <gmd:textGroup>
                <gmd:LocalisedCharacterString locale="#IT">Carta nazionale 1:25'000</gmd:LocalisedCharacterString>
              </gmd:textGroup>
              <gmd:textGroup>
                <gmd:LocalisedCharacterString locale="#EN">National Map 1:25'000</gmd:LocalisedCharacterString>
              </gmd:textGroup>
            </gmd:PT_FreeText>
          </gmd:description>
          <gmd:geographicElement>
            <gmd:EX_GeographicDescription>
              <gmd:geographicIdentifier>
                <gmd:MD_Identifier>
                  <gmd:code xsi:type="gmd:PT_FreeText_PropertyType">
                    <gmd:PT_FreeText>
                      <gmd:textGroup>
                        <gmd:LocalisedCharacterString locale="#DE">LK25</gmd:LocalisedCharacterString>
                      </gmd:textGroup>
                      <gmd:textGroup>
                        <gmd:LocalisedCharacterString locale="#FR">CN25</gmd:LocalisedCharacterString>
                      </gmd:textGroup>
                      <gmd:textGroup>
                        <gmd:LocalisedCharacterString locale="#IT">CN25</gmd:LocalisedCharacterString>
                      </gmd:textGroup>
                      <gmd:textGroup>
                        <gmd:LocalisedCharacterString locale="#EN">NM25</gmd:LocalisedCharacterString>
                      </gmd:textGroup>
                      <gmd:textGroup>
                        <gmd:LocalisedCharacterString locale="#RM">CN25</gmd:LocalisedCharacterString>
                      </gmd:textGroup>
                    </gmd:PT_FreeText>
                  </gmd:code>
                </gmd:MD_Identifier>
              </gmd:geographicIdentifier>
            </gmd:EX_GeographicDescription>
          </gmd:geographicElement>
          <gmd:geographicElement>
            <gmd:EX_BoundingPolygon>
              <gmd:extentTypeCode>
                <gco:Boolean>1</gco:Boolean>
              </gmd:extentTypeCode>
              <gmd:polygon>
                <gml:MultiSurface gml:id="Nfceea36a0d374d35b8d910eb4a47efdd">
                  <gml:surfaceMember>
                    <gml:Polygon gml:id="N73645822380545f08a02c5b7219d865f">
                      <gml:exterior>
                        <gml:LinearRing>
                          <gml:posList>8.407 47.864 8.875 47.86 8.872 47.752 9.339 47.745 9.335 47.637 9.571 47.714 9.563 47.525 9.796 47.521 9.777 47.089 10.007 47.084 10.002 46.976 10.232 46.971 10.237 47.079 10.468 47.073 10.461 46.965 10.55 46.963 10.544 46.855 10.685 46.851 10.665 46.527 10.209 46.54 10.193 46.216 9.966 46.221 9.971 46.329 9.744 46.334 9.74 46.226 9.513 46.23 9.517 46.338 9.29 46.342 9.279 46.019 9.053 46.022 9.05 45.914 9.275 45.911 9.272 45.803 8.821 45.809 8.824 45.917 8.599 45.92 8.603 46.135 8.377 46.138 8.379 46.246 8.174 46.247 8.173 46.139 8.15 46.139 8.148 45.923 7.696 45.925 7.471 45.926 7.471 45.818 7.021 45.817 7.02 45.925 6.794 45.924 6.792 46.14 6.79 46.248 6.767 46.247 6.766 46.355 6.334 46.352 6.339 46.136 5.886 46.131 5.874 46.562 6.102 46.565 6.096 46.781 6.325 46.784 6.321 47.0 6.551 47.002 6.547 47.217 6.779 47.219 6.774 47.543 7.472 47.545 7.472 47.653 8.404 47.649 8.407 47.864</gml:posList>
                        </gml:LinearRing>
                      </gml:exterior>
                    </gml:Polygon>
                  </gml:surfaceMember>
                </gml:MultiSurface>
              </gmd:polygon>
            </gmd:EX_BoundingPolygon>
          </gmd:geographicElement>
          <gmd:geographicElement>
            <gmd:EX_GeographicBoundingBox>
              <gmd:extentTypeCode>
                <gco:Boolean>1</gco:Boolean>
              </gmd:extentTypeCode>
              <gmd:westBoundLongitude>
                <gco:Decimal>5.874</gco:Decimal>
              </gmd:westBoundLongitude>
              <gmd:eastBoundLongitude>
                <gco:Decimal>10.685</gco:Decimal>
              </gmd:eastBoundLongitude>
              <gmd:southBoundLatitude>
                <gco:Decimal>45.803</gco:Decimal>
              </gmd:southBoundLatitude>
              <gmd:northBoundLatitude>
                <gco:Decimal>47.864</gco:Decimal>
              </gmd:northBoundLatitude>
            </gmd:EX_GeographicBoundingBox>
          </gmd:geographicElement>
        </gmd:EX_Extent>
      </gmd:extent>
      <gmd:supplementalInformation xsi:type="gmd:PT_FreeText_PropertyType">
        <gmd:PT_FreeText xmlns:xlink="http://www.w3.org/1999/xlink" xmlns:gmx="http://www.isotc211.org/2005/gmx" xmlns:gts="http://www.isotc211.org/2005/gts">
          <gmd:textGroup>
            <gmd:LocalisedCharacterString locale="#DE">Die Ebenen Strassennetz, Eisenbahnnetz, Übriger Verkehr, Gewässernetz, Primärflächen, Gebäude, Hecken und Bäume, Anlagen und Einzelobjekte bilden zusammen den Datensatz VECTOR25.</gmd:LocalisedCharacterString>
          </gmd:textGroup>
          <gmd:textGroup>
            <gmd:LocalisedCharacterString locale="#FR">Les couches Réseau routier, Réseau ferroviaire, Autres moyens de transport, Réseau hydrographique, Surfaces primaires, Bâtiments,Haies et arbres isolés, Surfaces aménagées et Objets isolés forment ensemble le jeu de données VECTOR25.</gmd:LocalisedCharacterString>
          </gmd:textGroup>
          <gmd:textGroup>
            <gmd:LocalisedCharacterString locale="#EN">The layers Road network, Railway network, Other traffic, Hydrographic network, Primary surfaces, Buildings, Hedges and trees, Functional surfaces and Single objects build together the dataset VECTOR25.</gmd:LocalisedCharacterString>
          </gmd:textGroup>
        </gmd:PT_FreeText>
      </gmd:supplementalInformation>
    </gmd:MD_DataIdentification>
  </gmd:identificationInfo>
  <gmd:contentInfo xmlns:xalan="http://xml.apache.org/xalan" xmlns:comp="http://www.geocat.ch/2003/05/gateway/GM03Comprehensive" xmlns:xsi="http://www.w3.org/2001/XMLSchema-instance" xmlns:che="http://www.geocat.ch/2008/che" xmlns:srv="http://www.isotc211.org/2005/srv" xmlns:gco="http://www.isotc211.org/2005/gco" xmlns:gml="http://www.opengis.net/gml" xmlns:geonet="http://www.fao.org/geonetwork">
    <gmd:MD_FeatureCatalogueDescription>
      <gmd:complianceCode>
        <gco:Boolean>0</gco:Boolean>
      </gmd:complianceCode>
      <gmd:language>
        <gco:CharacterString>deu</gco:CharacterString>
      </gmd:language>
      <gmd:language>
        <gco:CharacterString>fra</gco:CharacterString>
      </gmd:language>
      <gmd:includedWithDataset>
        <gco:Boolean>0</gco:Boolean>
      </gmd:includedWithDataset>
      <gmd:featureCatalogueCitation>
        <gmd:CI_Citation>
          <gmd:title xsi:type="gmd:PT_FreeText_PropertyType">
            <gmd:PT_FreeText xmlns:xlink="http://www.w3.org/1999/xlink" xmlns:gmx="http://www.isotc211.org/2005/gmx" xmlns:gts="http://www.isotc211.org/2005/gts">
              <gmd:textGroup>
                <gmd:LocalisedCharacterString locale="#DE">VECTOR25 Das digitale Lanschaftsmodell der Schweiz : Produkteinformation</gmd:LocalisedCharacterString>
              </gmd:textGroup>
              <gmd:textGroup>
                <gmd:LocalisedCharacterString locale="#FR">VECTOR25 Le modèle numérique du territoire de la Suisse : Information de produit</gmd:LocalisedCharacterString>
              </gmd:textGroup>
            </gmd:PT_FreeText>
          </gmd:title>
          <gmd:date>
            <gmd:CI_Date>
              <gmd:date>
                <gco:Date>2007-06-01</gco:Date>
              </gmd:date>
              <gmd:dateType>
                <gmd:CI_DateTypeCode codeListValue="publication" codeList="http://www.isotc211.org/2005/resources/codeList.xml#CI_DateTypeCode" />
              </gmd:dateType>
            </gmd:CI_Date>
          </gmd:date>
          <gmd:presentationForm>
            <gmd:CI_PresentationFormCode codeListValue="documentDigital" codeList="http://www.isotc211.org/2005/resources/codeList.xml#CI_PresentationFormCode" />
          </gmd:presentationForm>
          <gmd:otherCitationDetails xsi:type="gmd:PT_FreeText_PropertyType">
            <gmd:PT_FreeText xmlns:xlink="http://www.w3.org/1999/xlink" xmlns:gmx="http://www.isotc211.org/2005/gmx" xmlns:gts="http://www.isotc211.org/2005/gts">
              <gmd:textGroup>
                <gmd:LocalisedCharacterString locale="#DE">http://www.swisstopo.admin.ch/internet/swisstopo/de/home/products/landscape/vector25.parsysrelated1.47641.downloadList.50692.DownloadFile.tmp/vector25infode.pdf</gmd:LocalisedCharacterString>
              </gmd:textGroup>
              <gmd:textGroup>
                <gmd:LocalisedCharacterString locale="#FR">http://www.swisstopo.admin.ch/internet/swisstopo/de/home/products/landscape/vector25.parsysrelated1.47641.downloadList.50692.DownloadFile.tmp/vector25infode.pdf</gmd:LocalisedCharacterString>
              </gmd:textGroup>
            </gmd:PT_FreeText>
          </gmd:otherCitationDetails>
        </gmd:CI_Citation>
      </gmd:featureCatalogueCitation>
    </gmd:MD_FeatureCatalogueDescription>
  </gmd:contentInfo>
  <gmd:distributionInfo xmlns:xalan="http://xml.apache.org/xalan" xmlns:comp="http://www.geocat.ch/2003/05/gateway/GM03Comprehensive" xmlns:xsi="http://www.w3.org/2001/XMLSchema-instance" xmlns:che="http://www.geocat.ch/2008/che" xmlns:srv="http://www.isotc211.org/2005/srv" xmlns:gco="http://www.isotc211.org/2005/gco" xmlns:gml="http://www.opengis.net/gml" xmlns:geonet="http://www.fao.org/geonetwork">
    <gmd:MD_Distribution>
      <gmd:distributionFormat xmlns:xlink="http://www.w3.org/1999/xlink">
        <gmd:MD_Format>
          <gmd:name>
            <gco:CharacterString>DXF</gco:CharacterString>
          </gmd:name>
          <gmd:version>
            <gco:CharacterString>14</gco:CharacterString>
          </gmd:version>
        </gmd:MD_Format>
      </gmd:distributionFormat>
      <gmd:distributionFormat xmlns:xlink="http://www.w3.org/1999/xlink">
        <gmd:MD_Format>
          <gmd:name>
            <gco:CharacterString>ESRI Shapefile</gco:CharacterString>
          </gmd:name>
          <gmd:version>
            <gco:CharacterString>-</gco:CharacterString>
          </gmd:version>
        </gmd:MD_Format>
      </gmd:distributionFormat>
      <gmd:transferOptions>
        <gmd:MD_DigitalTransferOptions>
          <gmd:onLine>
            <gmd:CI_OnlineResource>
              <gmd:linkage />
              <gmd:protocol>
                <gco:CharacterString>WWW:LINK-1.0-http--link</gco:CharacterString>
              </gmd:protocol>
              <gmd:description xsi:type="gmd:PT_FreeText_PropertyType">
                <gmd:PT_FreeText xmlns:xlink="http://www.w3.org/1999/xlink" xmlns:gmx="http://www.isotc211.org/2005/gmx" xmlns:gts="http://www.isotc211.org/2005/gts">
                  <gmd:textGroup>
                    <gmd:LocalisedCharacterString locale="#DE">VECTOR25</gmd:LocalisedCharacterString>
                  </gmd:textGroup>
                  <gmd:textGroup>
                    <gmd:LocalisedCharacterString locale="#FR">VECTOR25</gmd:LocalisedCharacterString>
                  </gmd:textGroup>
                  <gmd:textGroup>
                    <gmd:LocalisedCharacterString locale="#EN">VECTOR25</gmd:LocalisedCharacterString>
                  </gmd:textGroup>
                  <gmd:textGroup>
                    <gmd:LocalisedCharacterString locale="#IT">VECTOR25</gmd:LocalisedCharacterString>
                  </gmd:textGroup>
                </gmd:PT_FreeText>
              </gmd:description>
              <gmd:function>
                <gmd:CI_OnLineFunctionCode codeList="http://www.isotc211.org/2005/resources/codeList.xml#CI_OnLineFunctionCode" codeListValue="information" />
              </gmd:function>
            </gmd:CI_OnlineResource>
          </gmd:onLine>
        </gmd:MD_DigitalTransferOptions>
      </gmd:transferOptions>
      <gmd:transferOptions>
        <gmd:MD_DigitalTransferOptions>
          <gmd:onLine>
            <gmd:CI_OnlineResource>
              <gmd:linkage />
              <gmd:protocol>
                <gco:CharacterString>WWW:LINK-1.0-http--download</gco:CharacterString>
              </gmd:protocol>
              <gmd:description xsi:type="gmd:PT_FreeText_PropertyType">
                <gmd:PT_FreeText xmlns:xlink="http://www.w3.org/1999/xlink" xmlns:gmx="http://www.isotc211.org/2005/gmx" xmlns:gts="http://www.isotc211.org/2005/gts">
                  <gmd:textGroup>
                    <gmd:LocalisedCharacterString locale="#DE">toposhop</gmd:LocalisedCharacterString>
                  </gmd:textGroup>
                  <gmd:textGroup>
                    <gmd:LocalisedCharacterString locale="#FR">toposhop</gmd:LocalisedCharacterString>
                  </gmd:textGroup>
                  <gmd:textGroup>
                    <gmd:LocalisedCharacterString locale="#EN">toposhop</gmd:LocalisedCharacterString>
                  </gmd:textGroup>
                  <gmd:textGroup>
                    <gmd:LocalisedCharacterString locale="#IT">toposhop</gmd:LocalisedCharacterString>
                  </gmd:textGroup>
                </gmd:PT_FreeText>
              </gmd:description>
              <gmd:function>
                <gmd:CI_OnLineFunctionCode codeListValue="order" codeList="http://www.isotc211.org/2005/resources/codeList.xml#CI_OnLineFunctionCode" />
              </gmd:function>
            </gmd:CI_OnlineResource>
          </gmd:onLine>
        </gmd:MD_DigitalTransferOptions>
      </gmd:transferOptions>
      <gmd:transferOptions>
        <gmd:MD_DigitalTransferOptions>
          <gmd:onLine>
            <gmd:CI_OnlineResource>
              <gmd:linkage />
              <gmd:protocol>
                <gco:CharacterString>CHTOPO:specialised-geoportal</gco:CharacterString>
              </gmd:protocol>
              <gmd:description xsi:type="gmd:PT_FreeText_PropertyType">
                <gmd:PT_FreeText xmlns:xlink="http://www.w3.org/1999/xlink" xmlns:gmx="http://www.isotc211.org/2005/gmx" xmlns:gts="http://www.isotc211.org/2005/gts">
                  <gmd:textGroup>
                    <gmd:LocalisedCharacterString locale="#DE">Geodataviewer</gmd:LocalisedCharacterString>
                  </gmd:textGroup>
                  <gmd:textGroup>
                    <gmd:LocalisedCharacterString locale="#FR">Geodataviewer</gmd:LocalisedCharacterString>
                  </gmd:textGroup>
                  <gmd:textGroup>
                    <gmd:LocalisedCharacterString locale="#EN">Geodataviewer</gmd:LocalisedCharacterString>
                  </gmd:textGroup>
                </gmd:PT_FreeText>
              </gmd:description>
              <gmd:function>
                <gmd:CI_OnLineFunctionCode codeList="http://www.isotc211.org/2005/resources/codeList.xml#CI_OnLineFunctionCode" codeListValue="information" />
              </gmd:function>
            </gmd:CI_OnlineResource>
          </gmd:onLine>
        </gmd:MD_DigitalTransferOptions>
      </gmd:transferOptions>
      <gmd:transferOptions>
        <gmd:MD_DigitalTransferOptions>
          <gmd:onLine>
            <gmd:CI_OnlineResource>
              <gmd:linkage />
              <gmd:protocol>
                <gco:CharacterString>OGC:WMTS-http-get-capabilities</gco:CharacterString>
              </gmd:protocol>
              <gmd:name>
                <gco:CharacterString>ch.swisstopo.vec25-strassennetz</gco:CharacterString>
              </gmd:name>
              <gmd:description xsi:type="gmd:PT_FreeText_PropertyType">
                <gmd:PT_FreeText xmlns:xlink="http://www.w3.org/1999/xlink" xmlns:gmx="http://www.isotc211.org/2005/gmx" xmlns:gts="http://www.isotc211.org/2005/gts">
                  <gmd:textGroup>
                    <gmd:LocalisedCharacterString locale="#DE">WMTS für das Nationale Geoportal</gmd:LocalisedCharacterString>
                  </gmd:textGroup>
                  <gmd:textGroup>
                    <gmd:LocalisedCharacterString locale="#EN">WMTS for the national geoportal</gmd:LocalisedCharacterString>
                  </gmd:textGroup>
                  <gmd:textGroup>
                    <gmd:LocalisedCharacterString locale="#FR">WMTS pour le géoportail national</gmd:LocalisedCharacterString>
                  </gmd:textGroup>
                </gmd:PT_FreeText>
              </gmd:description>
            </gmd:CI_OnlineResource>
          </gmd:onLine>
        </gmd:MD_DigitalTransferOptions>
      </gmd:transferOptions>
    </gmd:MD_Distribution>
  </gmd:distributionInfo>
  <gmd:dataQualityInfo xmlns:xalan="http://xml.apache.org/xalan" xmlns:comp="http://www.geocat.ch/2003/05/gateway/GM03Comprehensive" xmlns:xsi="http://www.w3.org/2001/XMLSchema-instance" xmlns:gmi="http://www.isotc211.org/2005/gmi" xmlns:che="http://www.geocat.ch/2008/che" xmlns:srv="http://www.isotc211.org/2005/srv" xmlns:gco="http://www.isotc211.org/2005/gco" xmlns:gml="http://www.opengis.net/gml" xmlns:geonet="http://www.fao.org/geonetwork">
    <gmd:DQ_DataQuality>
      <gmd:scope>
        <gmd:DQ_Scope>
          <gmd:level>
            <gmd:MD_ScopeCode codeListValue="dataset" codeList="http://www.isotc211.org/2005/resources/codeList.xml#MD_ScopeCode" />
          </gmd:level>
        </gmd:DQ_Scope>
      </gmd:scope>
      <gmd:lineage>
        <gmd:LI_Lineage>
          <gmd:statement xsi:type="gmd:PT_FreeText_PropertyType">
            <gmd:PT_FreeText xmlns:xlink="http://www.w3.org/1999/xlink" xmlns:gmx="http://www.isotc211.org/2005/gmx" xmlns:gts="http://www.isotc211.org/2005/gts">
              <gmd:textGroup>
                <gmd:LocalisedCharacterString locale="#DE">Inhaltlich und geometrisch auf der Landeskarte 1:25'000 basiert. Lagegenauigkeit: 3-8 M.</gmd:LocalisedCharacterString>
              </gmd:textGroup>
              <gmd:textGroup>
                <gmd:LocalisedCharacterString locale="#FR">Se base sur le contenu et la géométrie de la carte nationale suisse au 1:25'000. Précision de position : 3 - 8 m.</gmd:LocalisedCharacterString>
              </gmd:textGroup>
              <gmd:textGroup>
                <gmd:LocalisedCharacterString locale="#EN">Content and geometry based on the swiss National Map 1:25'000. Geometric precision : 3-8 m.</gmd:LocalisedCharacterString>
              </gmd:textGroup>
            </gmd:PT_FreeText>
          </gmd:statement>
        </gmd:LI_Lineage>
      </gmd:lineage>
    </gmd:DQ_DataQuality>
  </gmd:dataQualityInfo>
  <gmd:metadataMaintenance xmlns:xalan="http://xml.apache.org/xalan" xmlns:comp="http://www.geocat.ch/2003/05/gateway/GM03Comprehensive" xmlns:xsi="http://www.w3.org/2001/XMLSchema-instance" xmlns:che="http://www.geocat.ch/2008/che" xmlns:srv="http://www.isotc211.org/2005/srv" xmlns:gco="http://www.isotc211.org/2005/gco" xmlns:gml="http://www.opengis.net/gml" xmlns:geonet="http://www.fao.org/geonetwork">
    <gmd:MD_MaintenanceInformation>
      <gmd:maintenanceAndUpdateFrequency>
        <gmd:MD_MaintenanceFrequencyCode codeListValue="asNeeded" codeList="http://www.isotc211.org/2005/resources/codeList.xml#MD_MaintenanceFrequencyCode" />
      </gmd:maintenanceAndUpdateFrequency>
    </gmd:MD_MaintenanceInformation>
  </gmd:metadataMaintenance>
</gmd:MD_Metadata>