<?xml version="1.0" encoding="UTF-8"?>
<info version="1.1">
  <general>
    <createDate>2008-05-09T12:00:00</createDate>
    <changeDate>2011-11-09T13:30:39</changeDate>
    <schema>iso19139.che</schema>
    <isTemplate>false</isTemplate>
    <localId>401</localId>
    <format>full</format>
    <rating>0</rating>
    <popularity>11997</popularity>
    <uuid>ae8fe0bb-b5c6-41a6-9e70-862a455cc29e</uuid>
    <siteId>7ea582d4-9ddf-422e-b28f-29760a4c0147</siteId>
    <siteName>_geocat.ch direct partners</siteName>
  </general>
  <categories />
  <privileges>
    <group name="swisstopo" groupOwner="true">
      <operation name="view" />
      <operation name="download" />
    </group>
  </privileges>
  <public />
  <private />
</info>

