<?xml version="1.0" encoding="UTF-8"?>
<info version="1.1">
  <general>
    <createDate>2009-01-28T12:00:00</createDate>
    <changeDate>2012-01-25T09:22:39</changeDate>
    <schema>iso19139.che</schema>
    <isTemplate>false</isTemplate>
    <localId>794</localId>
    <format>full</format>
    <rating>0</rating>
    <popularity>7973</popularity>
    <uuid>3d6c43d1-2b04-4919-ab99-08368c02e5b0</uuid>
    <siteId>7ea582d4-9ddf-422e-b28f-29760a4c0147</siteId>
    <siteName>_geocat.ch direct partners</siteName>
  </general>
  <categories />
  <privileges>
    <group name="swisstopo" groupOwner="true">
      <operation name="view" />
    </group>
  </privileges>
  <public />
  <private />
</info>

