"schema";"uuid";"id";"type";"isHarvested";"title";"abstract"
"iso19115-3.2018";"2a17a4af-7c51-48df-a8e1-c14a5333f7bf";"188";"SUB_TEMPLATE";"false";"-";"-"
"iso19115-3.2018";"3743af99-5ba7-4898-99bd-941a09819dd4";"239";"SUB_TEMPLATE";"false";"-";"-"
"iso19115-3.2018";"99a083dd-780e-49c6-9f36-4129f7d0b623";"213";"SUB_TEMPLATE";"false";"-";"-"
"iso19115-3.2018";"58b459d5-9a00-4f48-be2d-2e8fa5320893";"219";"SUB_TEMPLATE";"false";"-";"-"
"iso19115-3.2018";"ef020022-7d59-4ae4-a8cf-49e423fd9727";"192";"SUB_TEMPLATE";"false";"-";"-"
"iso19115-3.2018";"202e4207-9487-41fa-ac0e-cc823c642721";"243";"SUB_TEMPLATE";"false";"-";"-"
"iso19115-3.2018";"158c4c69-ef3d-4c6e-84bf-4991d872830a";"254";"SUB_TEMPLATE";"false";"-";"-"
"iso19115-3.2018";"2c42438b-0115-461d-8b12-0db19f6bbbf2";"232";"SUB_TEMPLATE";"false";"-";"-"
"iso19115-3.2018";"96aea5b4-1530-44c1-a98d-9f4b5f78c656";"196";"SUB_TEMPLATE";"false";"-";"-"
"iso19115-3.2018";"3db00f5c-433c-450b-90a2-cf396d5eb6b2";"220";"SUB_TEMPLATE";"false";"-";"-"
"iso19115-3.2018";"ba087691-7d2a-4a32-b991-0176a8359371";"195";"SUB_TEMPLATE";"false";"-";"-"
"iso19115-3.2018";"2185a534-5266-4b96-bef4-3849fbe458bb";"234";"SUB_TEMPLATE";"false";"-";"-"
"iso19115-3.2018";"d19f2468-a5d5-488a-ab14-ae1cfca87cf5";"206";"SUB_TEMPLATE";"false";"-";"-"
"iso19115-3.2018";"1ea0bbe9-1a3f-4832-8d08-027c1322cfc3";"259";"SUB_TEMPLATE";"false";"-";"-"
"iso19115-3.2018";"8502bb56-f2e4-4dc7-a269-f0da74d56782";"204";"SUB_TEMPLATE";"false";"-";"-"
"iso19115-3.2018";"1c6126ac-dfd9-4413-ac70-bcb9c6e3ae60";"199";"SUB_TEMPLATE";"false";"-";"-"
"iso19115-3.2018";"46e81020-10ed-4a31-bfc2-43858f24e803";"205";"SUB_TEMPLATE";"false";"-";"-"
"iso19115-3.2018";"b66f72a0-e3b1-49bf-9bd8-944e77485dde";"233";"SUB_TEMPLATE";"false";"-";"-"
"iso19115-3.2018";"1d78164c-62ea-48d2-9fb2-1ce5bd92e91f";"189";"SUB_TEMPLATE";"false";"-";"-"
"iso19115-3.2018";"48597f0f-5563-4897-9d42-c131c5ac408d";"228";"SUB_TEMPLATE";"false";"-";"-"
"iso19115-3.2018";"168918d0-d725-43ee-8464-bc815b179b90";"215";"SUB_TEMPLATE";"false";"-";"-"
"iso19115-3.2018";"a3656f6e-d945-417b-8807-be1af1a0b141";"216";"SUB_TEMPLATE";"false";"-";"-"
"iso19115-3.2018";"e1865464-7052-4ea6-8c3a-9f7aa6031ec9";"198";"SUB_TEMPLATE";"false";"-";"-"
"iso19115-3.2018";"548da6b8-5784-46d7-9e2f-eaaeccbf33b8";"201";"SUB_TEMPLATE";"false";"-";"-"
"iso19115-3.2018";"17a2910d-116c-4192-b7f8-2f655d4b6664";"221";"SUB_TEMPLATE";"false";"-";"-"
"iso19115-3.2018";"128c4fd1-41e7-4e27-a41e-ae03f34a3739";"207";"SUB_TEMPLATE";"false";"-";"-"
"iso19115-3.2018";"0042d9c6-78c1-412a-9d88-81c886041e99";"238";"SUB_TEMPLATE";"false";"-";"-"
"iso19115-3.2018";"dcd4db2a-4008-4904-8977-eb07b3cc5e33";"200";"SUB_TEMPLATE";"false";"-";"-"
"iso19115-3.2018";"23729ca5-b7f7-4bf5-a5a8-e383e9fd5e0e";"212";"SUB_TEMPLATE";"false";"-";"-"
"iso19115-3.2018";"14f196f2-099e-44cf-a3e5-2187e156e81a";"248";"SUB_TEMPLATE";"false";"-";"-"
"iso19115-3.2018";"edfe71e5-c9ca-4843-a52b-752018b03854";"202";"SUB_TEMPLATE";"false";"-";"-"
"iso19115-3.2018";"8c3a10bc-da32-4f79-a8ac-6d19d42230bf";"258";"SUB_TEMPLATE";"false";"-";"-"
"iso19115-3.2018";"8c820684-7d63-4ef4-937c-a628cac64452";"260";"SUB_TEMPLATE";"false";"-";"-"
"iso19115-3.2018";"4d12c337-322d-4cf0-8f8a-1e43be55cba4";"257";"SUB_TEMPLATE";"false";"-";"-"
"iso19115-3.2018";"9252f8bb-39e1-4c4d-a4be-3222a6dad3a7";"240";"SUB_TEMPLATE";"false";"-";"-"
"iso19115-3.2018";"32633f0a-0331-4bd4-abe1-b56ce7e6f9f3";"251";"SUB_TEMPLATE";"false";"-";"-"
"iso19115-3.2018";"b37c4396-4c99-484b-95b8-1ea88b82b02e";"242";"SUB_TEMPLATE";"false";"-";"-"
"iso19115-3.2018";"e3cabfd1-fecf-4ee5-b05f-62afccddd579";"246";"SUB_TEMPLATE";"false";"-";"-"
"iso19115-3.2018";"508fb52e-9f81-4ea1-80f7-50e776871f6d";"229";"SUB_TEMPLATE";"false";"-";"-"
"iso19115-3.2018";"eb547c3c-5097-442b-986c-7c6be0cc8224";"210";"SUB_TEMPLATE";"false";"-";"-"
"iso19115-3.2018";"a4d77984-cc7c-4667-bc78-43ed7aa5d2bd";"230";"SUB_TEMPLATE";"false";"-";"-"
"iso19115-3.2018";"fd25cb71-db7a-4a83-9619-866c4e113308";"247";"SUB_TEMPLATE";"false";"-";"-"
"iso19115-3.2018";"4f2b21ed-0174-491a-9c90-aee4b091dd91";"231";"SUB_TEMPLATE";"false";"-";"-"
"iso19115-3.2018";"4f6f35a8-e4ee-47f3-ba34-9c52d610c51c";"143";"SUB_TEMPLATE";"false";"-";"-"
"iso19115-3.2018";"b4b47f62-b942-449a-b4db-4d339b0f43ab";"209";"SUB_TEMPLATE";"false";"-";"-"
"iso19115-3.2018";"0293df4c-356b-4e85-98db-771380d69406";"249";"SUB_TEMPLATE";"false";"-";"-"
"iso19115-3.2018";"7ab6e0f1-fcfa-41a7-bfab-67a56e711358";"190";"SUB_TEMPLATE";"false";"-";"-"
"iso19115-3.2018";"0e40b799-c274-46e6-9ebe-c2175f5e48fa";"241";"SUB_TEMPLATE";"false";"-";"-"
"iso19115-3.2018";"3b98cd1e-b6bb-4c7b-933c-d14490a3d6fe";"244";"SUB_TEMPLATE";"false";"-";"-"
"iso19115-3.2018";"dba8c9b3-c041-4599-b607-69941b90f260";"172";"SUB_TEMPLATE";"false";"-";"-"
"iso19115-3.2018";"7a7f9e0c-cef2-41d8-bbfa-d26ded86c6b4";"253";"SUB_TEMPLATE";"false";"-";"-"
"iso19115-3.2018";"279ea668-08bb-4cc9-b1e1-656773660330";"208";"SUB_TEMPLATE";"false";"-";"-"
"iso19115-3.2018";"8cb038e4-e655-49cd-b50d-8e9e8326b9ad";"214";"SUB_TEMPLATE";"false";"-";"-"
"iso19115-3.2018";"b41f03ae-cbf6-40cc-9b93-7d7ea1045955";"252";"SUB_TEMPLATE";"false";"-";"-"
"iso19115-3.2018";"67ec35c7-77ca-4d04-a76b-ff0354637f26";"237";"SUB_TEMPLATE";"false";"-";"-"
"iso19115-3.2018";"ddf7f8f8-6ced-41ba-9dd6-d0f9e185214f";"191";"SUB_TEMPLATE";"false";"-";"-"
"iso19115-3.2018";"7be1ae82-61e6-4bbd-af92-7c568c42c0b5";"227";"SUB_TEMPLATE";"false";"-";"-"
"iso19115-3.2018";"30860d2d-f553-4637-ae81-581d97981b79";"245";"SUB_TEMPLATE";"false";"-";"-"
"iso19115-3.2018";"d83a8e30-d02e-41ef-8637-2ecf81394a67";"261";"SUB_TEMPLATE";"false";"-";"-"
"iso19115-3.2018";"2da69c61-5394-4ba3-89f9-d6676bbcf405";"211";"SUB_TEMPLATE";"false";"-";"-"
"iso19115-3.2018";"2d6b3779-0bcc-40fa-b219-aa40d80b7cfb";"197";"SUB_TEMPLATE";"false";"-";"-"
"iso19115-3.2018";"3f7980bf-801b-4347-89fd-9f39142aed45";"113";"SUB_TEMPLATE";"false";"-";"-"
"iso19115-3.2018";"346f2fd9-a69a-4c11-8e0e-d11c00314511";"236";"SUB_TEMPLATE";"false";"-";"-"
"iso19115-3.2018";"b1ae216a-27b0-44f1-98fc-0b53cc10ca3e";"193";"SUB_TEMPLATE";"false";"-";"-"
"iso19115-3.2018";"1d41522f-1c1b-460a-9a4f-a40fdf95c61d";"194";"SUB_TEMPLATE";"false";"-";"-"
"iso19115-3.2018";"41395c61-49ad-4327-8518-bbbaf7913036";"217";"SUB_TEMPLATE";"false";"-";"-"
"iso19115-3.2018";"e3425490-de9e-492a-b6b0-8ab963bfacb1";"222";"SUB_TEMPLATE";"false";"-";"-"
"iso19115-3.2018";"44edd36c-8a3a-4708-888d-9343eb3ef51b";"255";"SUB_TEMPLATE";"false";"-";"-"
"iso19115-3.2018";"2ea50d5c-0c3b-4ab3-a290-861f5c7f4b3d";"256";"SUB_TEMPLATE";"false";"-";"-"
"iso19115-3.2018";"f1d56720-67dd-46a3-be0d-bab407f1080f";"203";"SUB_TEMPLATE";"false";"-";"-"
"iso19115-3.2018";"ce9b8507-be7c-413f-b245-cb2a5616609c";"223";"SUB_TEMPLATE";"false";"-";"-"
"iso19115-3.2018";"bfc23601-1032-45b7-a814-f9c47f7d7b22";"225";"SUB_TEMPLATE";"false";"-";"-"
"iso19115-3.2018";"9d51bd5c-2117-4737-9d7b-6775d001335b";"226";"SUB_TEMPLATE";"false";"-";"-"
"iso19115-3.2018";"c0cb6b2c-987a-4d1e-a130-5cbb7f603f3f";"250";"SUB_TEMPLATE";"false";"-";"-"
"iso19115-3.2018";"35ba1121-5088-4784-b096-5c5fe6070d9e";"224";"SUB_TEMPLATE";"false";"-";"-"
"iso19115-3.2018";"44de3864-e8fe-4887-9a4e-dc352f3047e2";"218";"SUB_TEMPLATE";"false";"-";"-"
"iso19115-3.2018";"1600315e-b5bb-4290-9050-7bb4414cadd2";"235";"SUB_TEMPLATE";"false";"-";"-"
