<?xml version="1.0" encoding="UTF-8"?>
<info version="1.1">
  <general>
    <createDate>2023-12-12T04:19:07Z</createDate>
    <changeDate>2023-12-12T04:19:07Z</changeDate>
    <schema>iso19115-3.2018</schema>
    <isTemplate>s</isTemplate>
    <localId>172</localId>
    <format>full</format>
    <rating>0</rating>
    <popularity>0</popularity>
    <uuid>dba8c9b3-c041-4599-b607-69941b90f260</uuid>
    <siteId>be0f9768-b0f2-4019-a913-8504f433ae5b</siteId>
    <siteName>Test-ANZMetLite</siteName>
  </general>
  <categories />
  <privileges>
    <group name="all" groupOwner="true">
      <operation name="view" />
      <operation name="notify" />
    </group>
  </privileges>
  <public />
  <private />
</info>

