<?xml version="1.0" encoding="UTF-8"?>
<srv:serviceStandard xmlns:srv="http://standards.iso.org/iso/19115/-3/srv/2.1" xmlns:cit="http://standards.iso.org/iso/19115/-3/cit/2.0" xmlns:gco="http://standards.iso.org/iso/19115/-3/gco/1.0" xmlns:mdb="http://standards.iso.org/iso/19115/-3/mdb/2.0" xmlns:xlink="http://www.w3.org/1999/xlink" xmlns:gcx="http://standards.iso.org/iso/19115/-3/gcx/1.0" xmlns:geonet="http://www.fao.org/geonetwork" xmlns:xsi="http://www.w3.org/2001/XMLSchema-instance" xsi:schemaLocation="http://standards.iso.org/iso/19115/-3/mdb/2.0 https://schemas.isotc211.org/19115/-3/mdb/2.0/mdb.xsd">
  <cit:CI_Citation>
    <cit:title>
      <gco:CharacterString>Service Standard Name</gco:CharacterString>
    </cit:title>
    <cit:onlineResource>
      <cit:CI_OnlineResource>
        <cit:linkage>
          <gco:CharacterString>htps://link.to.standard/doc</gco:CharacterString>
        </cit:linkage>
        <cit:protocol gco:nilReason="missing">
          <gco:CharacterString />
        </cit:protocol>
        <cit:name gco:nilReason="missing">
          <gco:CharacterString />
        </cit:name>
        <cit:description gco:nilReason="missing">
          <gco:CharacterString />
        </cit:description>
        <cit:function>
          <cit:CI_OnLineFunctionCode codeList="http://standards.iso.org/iso/19115/resources/Codelists/cat/codelists.xml#CI_OnLineFunctionCode" codeListValue="" />
        </cit:function>
      </cit:CI_OnlineResource>
    </cit:onlineResource>
  </cit:CI_Citation>
</srv:serviceStandard>