<?xml version="1.0" encoding="UTF-8"?>
<mrs:MD_ReferenceSystem xmlns:mrs="http://standards.iso.org/iso/19115/-3/mrs/1.0" xmlns:gco="http://standards.iso.org/iso/19115/-3/gco/1.0" xmlns:mcc="http://standards.iso.org/iso/19115/-3/mcc/1.0" xmlns:gcx="http://standards.iso.org/iso/19115/-3/gcx/1.0" xmlns:xlink="http://www.w3.org/1999/xlink" xmlns:geonet="http://www.fao.org/geonetwork" xmlns:xsi="http://www.w3.org/2001/XMLSchema-instance" xsi:schemaLocation="http://standards.iso.org/iso/19115/-3/mdb/2.0 https://schemas.isotc211.org/19115/-3/mdb/2.0/mdb.xsd">
  <mrs:referenceSystemIdentifier>
    <mcc:MD_Identifier>
      <mcc:code>
        <gco:CharacterString>EPSG:4326</gco:CharacterString>
      </mcc:code>
      <mcc:codeSpace>
        <gco:CharacterString>EPSG</gco:CharacterString>
      </mcc:codeSpace>
      <mcc:description>
        <gco:CharacterString>WGS 84 - Geographic 2D</gco:CharacterString>
      </mcc:description>
    </mcc:MD_Identifier>
  </mrs:referenceSystemIdentifier>
  <mrs:referenceSystemType>
    <mrs:MD_ReferenceSystemTypeCode codeList="http://standards.iso.org/iso/19115/resources/Codelists/cat/codelists.xml#MD_ReferenceSystemTypeCode" codeListValue="geodeticGeographic2D" />
  </mrs:referenceSystemType>
</mrs:MD_ReferenceSystem>