<?xml version="1.0" encoding="UTF-8"?>
<info version="1.1">
  <general>
    <createDate>2010-02-17T09:14:53</createDate>
    <changeDate>2012-04-27T13:35:09</changeDate>
    <schema>iso19139.che</schema>
    <isTemplate>false</isTemplate>
    <localId>17301</localId>
    <format>full</format>
    <rating>0</rating>
    <popularity>4124</popularity>
    <uuid>993a3d7d-070d-4992-92cb-ef82d2853661</uuid>
    <siteId>7ea582d4-9ddf-422e-b28f-29760a4c0147</siteId>
    <siteName>_geocat.ch direct partners</siteName>
  </general>
  <categories />
  <privileges>
    <group name="swisstopo" groupOwner="true">
      <operation name="view" />
      <operation name="download" />
      <operation name="notify" />
    </group>
  </privileges>
  <public />
  <private />
</info>

