<?xml version="1.0" encoding="UTF-8"?>
<info version="1.1">
  <general>
    <createDate>2007-12-17T12:00:00</createDate>
    <changeDate>2012-04-27T14:17:26</changeDate>
    <schema>iso19139.che</schema>
    <isTemplate>false</isTemplate>
    <localId>158</localId>
    <format>full</format>
    <rating>0</rating>
    <popularity>1873</popularity>
    <uuid>112c4f0e-0755-44bb-bdb0-249e9c56f8bb</uuid>
    <siteId>7ea582d4-9ddf-422e-b28f-29760a4c0147</siteId>
    <siteName>_geocat.ch direct partners</siteName>
  </general>
  <categories />
  <privileges>
    <group name="swisstopo" groupOwner="true">
      <operation name="view" />
      <operation name="download" />
      <operation name="notify" />
    </group>
  </privileges>
  <public />
  <private />
</info>

