<?xml version="1.0" encoding="UTF-8"?>
<info version="1.1">
  <general>
    <createDate>2023-12-13T02:51:48.424Z</createDate>
    <changeDate>2023-12-13T02:51:48.424Z</changeDate>
    <schema>iso19115-3.2018</schema>
    <isTemplate>s</isTemplate>
    <localId>223</localId>
    <format>full</format>
    <rating>0</rating>
    <popularity>0</popularity>
    <uuid>ce9b8507-be7c-413f-b245-cb2a5616609c</uuid>
    <siteId>be0f9768-b0f2-4019-a913-8504f433ae5b</siteId>
    <siteName>Test-ANZMetLite</siteName>
  </general>
  <categories />
  <privileges>
    <group name="sample" groupOwner="true">
      <operation name="view" />
      <operation name="notify" />
    </group>
  </privileges>
  <public />
  <private />
</info>

