<?xml version="1.0" encoding="UTF-8"?>

<che:CHE_MD_Metadata xmlns:che="http://www.geocat.ch/2008/che" xmlns:srv="http://www.isotc211.org/2005/srv" xmlns:gmd="http://www.isotc211.org/2005/gmd" xmlns:gco="http://www.isotc211.org/2005/gco" xmlns:gml="http://www.opengis.net/gml" xmlns:geonet="http://www.fao.org/geonetwork" gco:isoType="gmd:MD_Metadata">
  <gmd:fileIdentifier xmlns:comp="http://www.geocat.ch/2003/05/gateway/GM03Comprehensive" xmlns:xalan="http://xml.apache.org/xalan">
    <gco:CharacterString>3d6c43d1-2b04-4919-ab99-08368c02e5b0</gco:CharacterString>
  </gmd:fileIdentifier>
  <gmd:language xmlns:comp="http://www.geocat.ch/2003/05/gateway/GM03Comprehensive" xmlns:xalan="http://xml.apache.org/xalan">
    <gco:CharacterString>deu</gco:CharacterString>
  </gmd:language>
  <gmd:characterSet xmlns:comp="http://www.geocat.ch/2003/05/gateway/GM03Comprehensive" xmlns:xalan="http://xml.apache.org/xalan">
    <gmd:MD_CharacterSetCode codeList="http://www.isotc211.org/2005/resources/codeList.xml#MD_CharacterSetCode" codeListValue="utf8" />
  </gmd:characterSet>
  <gmd:hierarchyLevel xmlns:comp="http://www.geocat.ch/2003/05/gateway/GM03Comprehensive" xmlns:xalan="http://xml.apache.org/xalan">
    <gmd:MD_ScopeCode codeList="http://www.isotc211.org/2005/resources/codeList.xml#MD_ScopeCode" codeListValue="software" />
  </gmd:hierarchyLevel>
  <gmd:hierarchyLevelName xmlns:comp="http://www.geocat.ch/2003/05/gateway/GM03Comprehensive" xmlns:xalan="http://xml.apache.org/xalan">
    <gco:CharacterString>Swiss Map 25</gco:CharacterString>
  </gmd:hierarchyLevelName>
  <gmd:contact xmlns:comp="http://www.geocat.ch/2003/05/gateway/GM03Comprehensive" xmlns:xalan="http://xml.apache.org/xalan" xmlns:xlink="http://www.w3.org/1999/xlink" xlink:show="embed">
    <che:CHE_CI_ResponsibleParty xmlns:xsi="http://www.w3.org/2001/XMLSchema-instance" gco:isoType="gmd:CI_ResponsibleParty">
      <gmd:organisationName xsi:type="gmd:PT_FreeText_PropertyType">
        <gmd:PT_FreeText>
          <gmd:textGroup>
            <gmd:LocalisedCharacterString locale="#DE">Bundesamt für Landestopografie</gmd:LocalisedCharacterString>
          </gmd:textGroup>
          <gmd:textGroup>
            <gmd:LocalisedCharacterString locale="#FR">Office fédéral de topographie</gmd:LocalisedCharacterString>
          </gmd:textGroup>
          <gmd:textGroup>
            <gmd:LocalisedCharacterString locale="#IT">Ufficio federale di topografia</gmd:LocalisedCharacterString>
          </gmd:textGroup>
          <gmd:textGroup>
            <gmd:LocalisedCharacterString locale="#EN">Federal Office of Topography</gmd:LocalisedCharacterString>
          </gmd:textGroup>
        </gmd:PT_FreeText>
      </gmd:organisationName>
      <gmd:positionName xsi:type="gmd:PT_FreeText_PropertyType">
        <gmd:PT_FreeText>
          <gmd:textGroup>
            <gmd:LocalisedCharacterString locale="#DE">Metadaten</gmd:LocalisedCharacterString>
          </gmd:textGroup>
          <gmd:textGroup>
            <gmd:LocalisedCharacterString locale="#FR">Métadonnées</gmd:LocalisedCharacterString>
          </gmd:textGroup>
          <gmd:textGroup>
            <gmd:LocalisedCharacterString locale="#IT">Metadati</gmd:LocalisedCharacterString>
          </gmd:textGroup>
          <gmd:textGroup>
            <gmd:LocalisedCharacterString locale="#EN">Metadata contact</gmd:LocalisedCharacterString>
          </gmd:textGroup>
        </gmd:PT_FreeText>
      </gmd:positionName>
      <gmd:contactInfo>
        <gmd:CI_Contact>
          <gmd:phone>
            <che:CHE_CI_Telephone gco:isoType="gmd:CI_Telephone">
              <gmd:voice>
                <gco:CharacterString>+41 31 963 21 11</gco:CharacterString>
              </gmd:voice>
              <gmd:facsimile>
                <gco:CharacterString>+41 31 963 24 59</gco:CharacterString>
              </gmd:facsimile>
              <che:directNumber gco:nilReason="missing">
                <gco:CharacterString />
              </che:directNumber>
              <che:mobile gco:nilReason="missing">
                <gco:CharacterString />
              </che:mobile>
            </che:CHE_CI_Telephone>
          </gmd:phone>
          <gmd:address>
            <che:CHE_CI_Address gco:isoType="gmd:CI_Address">
              <gmd:city>
                <gco:CharacterString>Wabern</gco:CharacterString>
              </gmd:city>
              <gmd:postalCode>
                <gco:CharacterString>3084</gco:CharacterString>
              </gmd:postalCode>
              <gmd:country xsi:type="gmd:PT_FreeText_PropertyType">
                <gco:CharacterString>CH</gco:CharacterString>
              </gmd:country>
              <gmd:electronicMailAddress>
                <gco:CharacterString>metadata@swisstopo.ch</gco:CharacterString>
              </gmd:electronicMailAddress>
              <che:streetName>
                <gco:CharacterString>Seftigenstrasse</gco:CharacterString>
              </che:streetName>
              <che:streetNumber>
                <gco:CharacterString>264</gco:CharacterString>
              </che:streetNumber>
            </che:CHE_CI_Address>
          </gmd:address>
          <gmd:onlineResource>
            <gmd:CI_OnlineResource>
              <gmd:linkage xsi:type="che:PT_FreeURL_PropertyType">
                <che:PT_FreeURL>
                  <che:URLGroup>
                    <che:LocalisedURL locale="#DE">http://www.swisstopo.admin.ch</che:LocalisedURL>
                  </che:URLGroup>
                </che:PT_FreeURL>
              </gmd:linkage>
              <gmd:protocol>
                <gco:CharacterString>text/html</gco:CharacterString>
              </gmd:protocol>
              <gmd:name xsi:type="gmd:PT_FreeText_PropertyType">
                <gmd:PT_FreeText>
                  <gmd:textGroup>
                    <gmd:LocalisedCharacterString locale="#EN" />
                  </gmd:textGroup>
                </gmd:PT_FreeText>
              </gmd:name>
              <gmd:description xsi:type="gmd:PT_FreeText_PropertyType">
                <gmd:PT_FreeText>
                  <gmd:textGroup>
                    <gmd:LocalisedCharacterString locale="#EN" />
                  </gmd:textGroup>
                </gmd:PT_FreeText>
              </gmd:description>
            </gmd:CI_OnlineResource>
          </gmd:onlineResource>
          <gmd:hoursOfService>
            <gco:CharacterString>08h30 - 11h00 / 14h00 - 16h00 GMT+1</gco:CharacterString>
          </gmd:hoursOfService>
        </gmd:CI_Contact>
      </gmd:contactInfo>
      <gmd:role>
        <gmd:CI_RoleCode codeListValue="pointOfContact" codeList="http://www.isotc211.org/2005/resources/codeList.xml#CI_RoleCode" />
      </gmd:role>
      <che:individualLastName>
        <gco:CharacterString>metadata</gco:CharacterString>
      </che:individualLastName>
      <che:organisationAcronym xsi:type="gmd:PT_FreeText_PropertyType">
        <gmd:PT_FreeText>
          <gmd:textGroup>
            <gmd:LocalisedCharacterString locale="#DE">swisstopo</gmd:LocalisedCharacterString>
          </gmd:textGroup>
          <gmd:textGroup>
            <gmd:LocalisedCharacterString locale="#FR">swisstopo</gmd:LocalisedCharacterString>
          </gmd:textGroup>
          <gmd:textGroup>
            <gmd:LocalisedCharacterString locale="#IT">swisstopo</gmd:LocalisedCharacterString>
          </gmd:textGroup>
          <gmd:textGroup>
            <gmd:LocalisedCharacterString locale="#EN">swisstopo</gmd:LocalisedCharacterString>
          </gmd:textGroup>
        </gmd:PT_FreeText>
      </che:organisationAcronym>
    </che:CHE_CI_ResponsibleParty>
  </gmd:contact>
  <gmd:dateStamp xmlns:comp="http://www.geocat.ch/2003/05/gateway/GM03Comprehensive" xmlns:xalan="http://xml.apache.org/xalan">
    <gco:DateTime>2012-01-25T09:22:39</gco:DateTime>
  </gmd:dateStamp>
  <gmd:metadataStandardName xmlns:comp="http://www.geocat.ch/2003/05/gateway/GM03Comprehensive" xmlns:xalan="http://xml.apache.org/xalan">
    <gco:CharacterString>GM03 2+</gco:CharacterString>
  </gmd:metadataStandardName>
  <gmd:locale xmlns:comp="http://www.geocat.ch/2003/05/gateway/GM03Comprehensive" xmlns:xalan="http://xml.apache.org/xalan">
    <gmd:PT_Locale id="DE">
      <gmd:languageCode>
        <gmd:LanguageCode codeList="#LanguageCode" codeListValue="deu">German</gmd:LanguageCode>
      </gmd:languageCode>
      <gmd:characterEncoding>
        <gmd:MD_CharacterSetCode codeList="#MD_CharacterSetCode" codeListValue="utf8">UTF8</gmd:MD_CharacterSetCode>
      </gmd:characterEncoding>
    </gmd:PT_Locale>
  </gmd:locale>
  <gmd:locale xmlns:comp="http://www.geocat.ch/2003/05/gateway/GM03Comprehensive" xmlns:xalan="http://xml.apache.org/xalan">
    <gmd:PT_Locale id="FR">
      <gmd:languageCode>
        <gmd:LanguageCode codeList="#LanguageCode" codeListValue="fra">French</gmd:LanguageCode>
      </gmd:languageCode>
      <gmd:characterEncoding>
        <gmd:MD_CharacterSetCode codeList="#MD_CharacterSetCode" codeListValue="utf8">UTF8</gmd:MD_CharacterSetCode>
      </gmd:characterEncoding>
    </gmd:PT_Locale>
  </gmd:locale>
  <gmd:locale xmlns:comp="http://www.geocat.ch/2003/05/gateway/GM03Comprehensive" xmlns:xalan="http://xml.apache.org/xalan">
    <gmd:PT_Locale id="IT">
      <gmd:languageCode>
        <gmd:LanguageCode codeList="#LanguageCode" codeListValue="ita">Italian</gmd:LanguageCode>
      </gmd:languageCode>
      <gmd:characterEncoding>
        <gmd:MD_CharacterSetCode codeList="#MD_CharacterSetCode" codeListValue="utf8">UTF8</gmd:MD_CharacterSetCode>
      </gmd:characterEncoding>
    </gmd:PT_Locale>
  </gmd:locale>
  <gmd:locale xmlns:comp="http://www.geocat.ch/2003/05/gateway/GM03Comprehensive" xmlns:xalan="http://xml.apache.org/xalan">
    <gmd:PT_Locale id="EN">
      <gmd:languageCode>
        <gmd:LanguageCode codeList="#LanguageCode" codeListValue="eng">English</gmd:LanguageCode>
      </gmd:languageCode>
      <gmd:characterEncoding>
        <gmd:MD_CharacterSetCode codeList="#MD_CharacterSetCode" codeListValue="utf8">UTF8</gmd:MD_CharacterSetCode>
      </gmd:characterEncoding>
    </gmd:PT_Locale>
  </gmd:locale>
  <gmd:referenceSystemInfo xmlns:comp="http://www.geocat.ch/2003/05/gateway/GM03Comprehensive" xmlns:xalan="http://xml.apache.org/xalan">
    <gmd:MD_ReferenceSystem>
      <gmd:referenceSystemIdentifier>
        <gmd:RS_Identifier>
          <gmd:code xmlns:xsi="http://www.w3.org/2001/XMLSchema-instance" xsi:type="gmd:PT_FreeText_PropertyType">
            <gmd:PT_FreeText xmlns:xlink="http://www.w3.org/1999/xlink" xmlns:gmx="http://www.isotc211.org/2005/gmx" xmlns:gts="http://www.isotc211.org/2005/gts">
              <gmd:textGroup>
                <gmd:LocalisedCharacterString locale="#DE">CH1903</gmd:LocalisedCharacterString>
              </gmd:textGroup>
              <gmd:textGroup>
                <gmd:LocalisedCharacterString locale="#FR">CH1903</gmd:LocalisedCharacterString>
              </gmd:textGroup>
              <gmd:textGroup>
                <gmd:LocalisedCharacterString locale="#EN">CH1903</gmd:LocalisedCharacterString>
              </gmd:textGroup>
              <gmd:textGroup>
                <gmd:LocalisedCharacterString locale="#IT">CH1903</gmd:LocalisedCharacterString>
              </gmd:textGroup>
            </gmd:PT_FreeText>
          </gmd:code>
        </gmd:RS_Identifier>
      </gmd:referenceSystemIdentifier>
    </gmd:MD_ReferenceSystem>
  </gmd:referenceSystemInfo>
  <gmd:referenceSystemInfo>
    <gmd:MD_ReferenceSystem>
      <gmd:referenceSystemIdentifier>
        <gmd:RS_Identifier>
          <gmd:code xmlns:xsi="http://www.w3.org/2001/XMLSchema-instance" xsi:type="gmd:PT_FreeText_PropertyType">
            <gmd:PT_FreeText xmlns:xlink="http://www.w3.org/1999/xlink" xmlns:gmx="http://www.isotc211.org/2005/gmx" xmlns:gts="http://www.isotc211.org/2005/gts">
              <gmd:textGroup>
                <gmd:LocalisedCharacterString locale="#DE">WGS84</gmd:LocalisedCharacterString>
              </gmd:textGroup>
              <gmd:textGroup>
                <gmd:LocalisedCharacterString locale="#EN">WGS84</gmd:LocalisedCharacterString>
              </gmd:textGroup>
              <gmd:textGroup>
                <gmd:LocalisedCharacterString locale="#IT">WGS84</gmd:LocalisedCharacterString>
              </gmd:textGroup>
              <gmd:textGroup>
                <gmd:LocalisedCharacterString locale="#FR">WGS84</gmd:LocalisedCharacterString>
              </gmd:textGroup>
            </gmd:PT_FreeText>
          </gmd:code>
        </gmd:RS_Identifier>
      </gmd:referenceSystemIdentifier>
    </gmd:MD_ReferenceSystem>
  </gmd:referenceSystemInfo>
  <gmd:identificationInfo xmlns:comp="http://www.geocat.ch/2003/05/gateway/GM03Comprehensive" xmlns:xalan="http://xml.apache.org/xalan">
    <che:CHE_MD_DataIdentification gco:isoType="gmd:MD_DataIdentification">
      <gmd:citation>
        <gmd:CI_Citation>
          <gmd:title xmlns:xsi="http://www.w3.org/2001/XMLSchema-instance" xsi:type="gmd:PT_FreeText_PropertyType">
            <gmd:PT_FreeText xmlns:xlink="http://www.w3.org/1999/xlink" xmlns:gmx="http://www.isotc211.org/2005/gmx" xmlns:gts="http://www.isotc211.org/2005/gts">
              <gmd:textGroup>
                <gmd:LocalisedCharacterString locale="#DE">Swiss Map 25</gmd:LocalisedCharacterString>
              </gmd:textGroup>
              <gmd:textGroup>
                <gmd:LocalisedCharacterString locale="#FR">Swiss Map 25</gmd:LocalisedCharacterString>
              </gmd:textGroup>
              <gmd:textGroup>
                <gmd:LocalisedCharacterString locale="#EN">Swiss Map 25</gmd:LocalisedCharacterString>
              </gmd:textGroup>
              <gmd:textGroup>
                <gmd:LocalisedCharacterString locale="#IT">Swiss Map 25</gmd:LocalisedCharacterString>
              </gmd:textGroup>
            </gmd:PT_FreeText>
          </gmd:title>
          <gmd:alternateTitle xmlns:xsi="http://www.w3.org/2001/XMLSchema-instance" xsi:type="gmd:PT_FreeText_PropertyType">
            <gmd:PT_FreeText xmlns:xlink="http://www.w3.org/1999/xlink" xmlns:gmx="http://www.isotc211.org/2005/gmx" xmlns:gts="http://www.isotc211.org/2005/gts">
              <gmd:textGroup>
                <gmd:LocalisedCharacterString locale="#DE">SM25</gmd:LocalisedCharacterString>
              </gmd:textGroup>
            </gmd:PT_FreeText>
          </gmd:alternateTitle>
          <gmd:date>
            <gmd:CI_Date>
              <gmd:date>
                <gco:Date>2005-06-10</gco:Date>
              </gmd:date>
              <gmd:dateType>
                <gmd:CI_DateTypeCode codeList="http://www.isotc211.org/2005/resources/codeList.xml#CI_DateTypeCode" codeListValue="creation" />
              </gmd:dateType>
            </gmd:CI_Date>
          </gmd:date>
          <gmd:citedResponsibleParty xmlns:xlink="http://www.w3.org/1999/xlink">
            <che:CHE_CI_ResponsibleParty xmlns:xsi="http://www.w3.org/2001/XMLSchema-instance" gco:isoType="gmd:CI_ResponsibleParty">
              <gmd:organisationName xsi:type="gmd:PT_FreeText_PropertyType">
                <gmd:PT_FreeText>
                  <gmd:textGroup>
                    <gmd:LocalisedCharacterString locale="#DE">Bundesamt für Landestopografie</gmd:LocalisedCharacterString>
                  </gmd:textGroup>
                </gmd:PT_FreeText>
              </gmd:organisationName>
              <gmd:positionName xsi:type="gmd:PT_FreeText_PropertyType">
                <gmd:PT_FreeText>
                  <gmd:textGroup>
                    <gmd:LocalisedCharacterString locale="#DE">Interaktive Kartenanwendungen</gmd:LocalisedCharacterString>
                  </gmd:textGroup>
                </gmd:PT_FreeText>
              </gmd:positionName>
              <gmd:contactInfo>
                <gmd:CI_Contact>
                  <gmd:phone>
                    <che:CHE_CI_Telephone gco:isoType="gmd:CI_Telephone">
                      <gmd:voice>
                        <gco:CharacterString>++41 31 963 21 11</gco:CharacterString>
                      </gmd:voice>
                      <gmd:facsimile>
                        <gco:CharacterString>++41 31 963 24 59</gco:CharacterString>
                      </gmd:facsimile>
                      <che:directNumber gco:nilReason="missing">
                        <gco:CharacterString />
                      </che:directNumber>
                      <che:mobile gco:nilReason="missing">
                        <gco:CharacterString />
                      </che:mobile>
                    </che:CHE_CI_Telephone>
                  </gmd:phone>
                  <gmd:address>
                    <che:CHE_CI_Address gco:isoType="gmd:CI_Address">
                      <gmd:city>
                        <gco:CharacterString>Wabern</gco:CharacterString>
                      </gmd:city>
                      <gmd:postalCode>
                        <gco:CharacterString>3084</gco:CharacterString>
                      </gmd:postalCode>
                      <gmd:country xsi:type="gmd:PT_FreeText_PropertyType">
                        <gco:CharacterString>CH</gco:CharacterString>
                      </gmd:country>
                      <gmd:electronicMailAddress>
                        <gco:CharacterString>reto.kuenzler@swisstopo.ch</gco:CharacterString>
                      </gmd:electronicMailAddress>
                      <che:streetName>
                        <gco:CharacterString>Seftigenstrasse</gco:CharacterString>
                      </che:streetName>
                      <che:streetNumber>
                        <gco:CharacterString>264</gco:CharacterString>
                      </che:streetNumber>
                    </che:CHE_CI_Address>
                  </gmd:address>
                </gmd:CI_Contact>
              </gmd:contactInfo>
              <gmd:role>
                <gmd:CI_RoleCode codeListValue="pointOfContact" codeList="http://www.isotc211.org/2005/resources/codeList.xml#CI_RoleCode" />
              </gmd:role>
              <che:individualFirstName>
                <gco:CharacterString>Reto</gco:CharacterString>
              </che:individualFirstName>
              <che:individualLastName>
                <gco:CharacterString>Künzler</gco:CharacterString>
              </che:individualLastName>
              <che:organisationAcronym xsi:type="gmd:PT_FreeText_PropertyType">
                <gmd:PT_FreeText>
                  <gmd:textGroup>
                    <gmd:LocalisedCharacterString locale="#DE">swisstopo</gmd:LocalisedCharacterString>
                  </gmd:textGroup>
                </gmd:PT_FreeText>
              </che:organisationAcronym>
            </che:CHE_CI_ResponsibleParty>
          </gmd:citedResponsibleParty>
          <gmd:presentationForm>
            <gmd:CI_PresentationFormCode codeList="http://www.isotc211.org/2005/resources/codeList.xml#CI_PresentationFormCode" codeListValue="mapDigital" />
          </gmd:presentationForm>
        </gmd:CI_Citation>
      </gmd:citation>
      <gmd:abstract xmlns:xsi="http://www.w3.org/2001/XMLSchema-instance" xsi:type="gmd:PT_FreeText_PropertyType">
        <gmd:PT_FreeText xmlns:xlink="http://www.w3.org/1999/xlink" xmlns:gmx="http://www.isotc211.org/2005/gmx" xmlns:gts="http://www.isotc211.org/2005/gts">
          <gmd:textGroup>
            <gmd:LocalisedCharacterString locale="#DE">Swiss Map 25 deckt die ganze Fläche der Landeskarte der Schweiz im Massstab 1:25'000 ab (Windows und Mac). Die Landeskarte der Schweiz ist in acht Sektoren aufgeteilt. Swiss Map 25 enthält die offiziellen Wanderwege der Schweiz, die nach Bedarf eingeblendet und zur Profil- und Marschzeitberechnung dienen können. Natürlich ist es auch möglich, GPS-Daten über eine COM- oder USB-Schnittstelle mit Garmin- und Magellan-Empfängern auszutauschen. Burgen, Schlösser und schützenswerte Ortsbilder können in der Karte angezeigt und weitere Angaben abgefragt werden. Tagesaktuelle Informationen von Schweiz Tourismus zu Feriendestinationen, Hotels, Veranstaltungen und Ausflügen können aus der Karte heraus via Internet abgerufen werden.</gmd:LocalisedCharacterString>
          </gmd:textGroup>
          <gmd:textGroup>
            <gmd:LocalisedCharacterString locale="#EN">Swiss Map 25 covers the full area of the 1:25'000 scale Swiss National Map series (Windows and Mac). This map is divided into eight sections. Swiss Map 25 includes the complete official Swiss footpath network, which can be used to calculate elevation profiles and walking times for selected routes as required. Naturally it is also possible to exchange data with Garmin and Magellan GPS receivers by means of a COM or a USB interface. Castles, stately homes and other heritage areas can be displayed on the map along with the opportunity to call up further information. Up-to-date information from Switzerland Tourism organisation about holiday destinations, hotels, events and excursions can also be called from the map via the Internet.</gmd:LocalisedCharacterString>
          </gmd:textGroup>
          <gmd:textGroup>
            <gmd:LocalisedCharacterString locale="#FR">Swiss Map 25 s'étend à l'intégralité de la surface couverte par la carte nationale de la Suisse à l'échelle du 1:25'000 (Windows et Mac). La carte nationale de la Suisse est partagée en huit secteurs. Swiss Map 25 comprend les itinéraires de randonnées pédestres officiels de la Suisse, lesquels peuvent au besoin venir se superposer à la carte et servir à des calculs de profils et de temps de marche. Bien évidemment, il est également possible d'échanger des données GPS avec des récepteurs Garmin et Magellan, via une interface COM ou USB. Les châteaux et les sites construits à protéger peuvent être affichés sur la carte, d'autres indications étant par ailleurs disponibles à la demande. Des informations de Suisse Tourisme datant du jour même et concernant des destinations de vacances, des hôtels, des manifestations et des excursions peuvent être appelées directement depuis la carte, via une connexion à Internet.</gmd:LocalisedCharacterString>
          </gmd:textGroup>
        </gmd:PT_FreeText>
      </gmd:abstract>
      <gmd:status>
        <gmd:MD_ProgressCode codeList="http://www.isotc211.org/2005/resources/codeList.xml#MD_ProgressCode" codeListValue="obsolete" />
      </gmd:status>
      <gmd:descriptiveKeywords xmlns:xlink="http://www.w3.org/1999/xlink" xlink:show="embed">
        <gmd:MD_Keywords xmlns:skos="http://www.w3.org/2004/02/skos/core#" xmlns:xsi="http://www.w3.org/2001/XMLSchema-instance">
          <gmd:keyword xsi:type="gmd:PT_FreeText_PropertyType">
            <gmd:PT_FreeText>
              <gmd:textGroup>
                <gmd:LocalisedCharacterString locale="#EN">cartography</gmd:LocalisedCharacterString>
              </gmd:textGroup>
              <gmd:textGroup>
                <gmd:LocalisedCharacterString locale="#IT">cartografia</gmd:LocalisedCharacterString>
              </gmd:textGroup>
              <gmd:textGroup>
                <gmd:LocalisedCharacterString locale="#DE">Kartographie</gmd:LocalisedCharacterString>
              </gmd:textGroup>
              <gmd:textGroup>
                <gmd:LocalisedCharacterString locale="#FR">cartographie</gmd:LocalisedCharacterString>
              </gmd:textGroup>
            </gmd:PT_FreeText>
          </gmd:keyword>
          <gmd:thesaurusName>
            <gmd:CI_Citation>
              <gmd:title>
                <gco:CharacterString>external._none_.gemet</gco:CharacterString>
              </gmd:title>
              <gmd:date gco:nilReason="missing" />
            </gmd:CI_Citation>
          </gmd:thesaurusName>
        </gmd:MD_Keywords>
      </gmd:descriptiveKeywords>
      <gmd:descriptiveKeywords xmlns:xlink="http://www.w3.org/1999/xlink" xlink:show="embed">
        <gmd:MD_Keywords xmlns:skos="http://www.w3.org/2004/02/skos/core#" xmlns:xsi="http://www.w3.org/2001/XMLSchema-instance">
          <gmd:keyword xsi:type="gmd:PT_FreeText_PropertyType">
            <gmd:PT_FreeText>
              <gmd:textGroup>
                <gmd:LocalisedCharacterString locale="#EN">National Map</gmd:LocalisedCharacterString>
              </gmd:textGroup>
              <gmd:textGroup>
                <gmd:LocalisedCharacterString locale="#IT">carta nazionale</gmd:LocalisedCharacterString>
              </gmd:textGroup>
              <gmd:textGroup>
                <gmd:LocalisedCharacterString locale="#DE">Landeskarte</gmd:LocalisedCharacterString>
              </gmd:textGroup>
              <gmd:textGroup>
                <gmd:LocalisedCharacterString locale="#FR">Carte nationale</gmd:LocalisedCharacterString>
              </gmd:textGroup>
            </gmd:PT_FreeText>
          </gmd:keyword>
          <gmd:thesaurusName>
            <gmd:CI_Citation>
              <gmd:title>
                <gco:CharacterString>local._none_.geocat.ch</gco:CharacterString>
              </gmd:title>
              <gmd:date gco:nilReason="missing" />
            </gmd:CI_Citation>
          </gmd:thesaurusName>
        </gmd:MD_Keywords>
      </gmd:descriptiveKeywords>
      <gmd:descriptiveKeywords xmlns:xlink="http://www.w3.org/1999/xlink" xlink:show="embed">
        <gmd:MD_Keywords xmlns:skos="http://www.w3.org/2004/02/skos/core#" xmlns:xsi="http://www.w3.org/2001/XMLSchema-instance">
          <gmd:keyword xsi:type="gmd:PT_FreeText_PropertyType">
            <gmd:PT_FreeText>
              <gmd:textGroup>
                <gmd:LocalisedCharacterString locale="#EN">Mountain name</gmd:LocalisedCharacterString>
              </gmd:textGroup>
              <gmd:textGroup>
                <gmd:LocalisedCharacterString locale="#IT">nome di montagna</gmd:LocalisedCharacterString>
              </gmd:textGroup>
              <gmd:textGroup>
                <gmd:LocalisedCharacterString locale="#DE">Bergname</gmd:LocalisedCharacterString>
              </gmd:textGroup>
              <gmd:textGroup>
                <gmd:LocalisedCharacterString locale="#FR">Nom de montagne</gmd:LocalisedCharacterString>
              </gmd:textGroup>
            </gmd:PT_FreeText>
          </gmd:keyword>
          <gmd:thesaurusName>
            <gmd:CI_Citation>
              <gmd:title>
                <gco:CharacterString>local._none_.geocat.ch</gco:CharacterString>
              </gmd:title>
              <gmd:date gco:nilReason="missing" />
            </gmd:CI_Citation>
          </gmd:thesaurusName>
        </gmd:MD_Keywords>
      </gmd:descriptiveKeywords>
      <gmd:descriptiveKeywords xmlns:xlink="http://www.w3.org/1999/xlink" xlink:show="embed">
        <gmd:MD_Keywords xmlns:skos="http://www.w3.org/2004/02/skos/core#" xmlns:xsi="http://www.w3.org/2001/XMLSchema-instance">
          <gmd:keyword xsi:type="gmd:PT_FreeText_PropertyType">
            <gmd:PT_FreeText>
              <gmd:textGroup>
                <gmd:LocalisedCharacterString locale="#EN">Area name</gmd:LocalisedCharacterString>
              </gmd:textGroup>
              <gmd:textGroup>
                <gmd:LocalisedCharacterString locale="#IT">nome di territorio</gmd:LocalisedCharacterString>
              </gmd:textGroup>
              <gmd:textGroup>
                <gmd:LocalisedCharacterString locale="#DE">Gebietsname</gmd:LocalisedCharacterString>
              </gmd:textGroup>
              <gmd:textGroup>
                <gmd:LocalisedCharacterString locale="#FR">Nom de territoire</gmd:LocalisedCharacterString>
              </gmd:textGroup>
            </gmd:PT_FreeText>
          </gmd:keyword>
          <gmd:thesaurusName>
            <gmd:CI_Citation>
              <gmd:title>
                <gco:CharacterString>local._none_.geocat.ch</gco:CharacterString>
              </gmd:title>
              <gmd:date gco:nilReason="missing" />
            </gmd:CI_Citation>
          </gmd:thesaurusName>
        </gmd:MD_Keywords>
      </gmd:descriptiveKeywords>
      <gmd:descriptiveKeywords xmlns:xlink="http://www.w3.org/1999/xlink" xlink:show="embed">
        <gmd:MD_Keywords xmlns:skos="http://www.w3.org/2004/02/skos/core#" xmlns:xsi="http://www.w3.org/2001/XMLSchema-instance">
          <gmd:keyword xsi:type="gmd:PT_FreeText_PropertyType">
            <gmd:PT_FreeText>
              <gmd:textGroup>
                <gmd:LocalisedCharacterString locale="#EN">River name</gmd:LocalisedCharacterString>
              </gmd:textGroup>
              <gmd:textGroup>
                <gmd:LocalisedCharacterString locale="#IT">nome di corso d'acqua</gmd:LocalisedCharacterString>
              </gmd:textGroup>
              <gmd:textGroup>
                <gmd:LocalisedCharacterString locale="#DE">Gewässername</gmd:LocalisedCharacterString>
              </gmd:textGroup>
              <gmd:textGroup>
                <gmd:LocalisedCharacterString locale="#FR">Nom de cours d'eau</gmd:LocalisedCharacterString>
              </gmd:textGroup>
            </gmd:PT_FreeText>
          </gmd:keyword>
          <gmd:thesaurusName>
            <gmd:CI_Citation>
              <gmd:title>
                <gco:CharacterString>local._none_.geocat.ch</gco:CharacterString>
              </gmd:title>
              <gmd:date gco:nilReason="missing" />
            </gmd:CI_Citation>
          </gmd:thesaurusName>
        </gmd:MD_Keywords>
      </gmd:descriptiveKeywords>
      <gmd:descriptiveKeywords xmlns:xlink="http://www.w3.org/1999/xlink" xlink:show="embed">
        <gmd:MD_Keywords xmlns:skos="http://www.w3.org/2004/02/skos/core#" xmlns:xsi="http://www.w3.org/2001/XMLSchema-instance">
          <gmd:keyword xsi:type="gmd:PT_FreeText_PropertyType">
            <gmd:PT_FreeText>
              <gmd:textGroup>
                <gmd:LocalisedCharacterString locale="#EN">GPS</gmd:LocalisedCharacterString>
              </gmd:textGroup>
              <gmd:textGroup>
                <gmd:LocalisedCharacterString locale="#IT">GPS</gmd:LocalisedCharacterString>
              </gmd:textGroup>
              <gmd:textGroup>
                <gmd:LocalisedCharacterString locale="#DE">GPS</gmd:LocalisedCharacterString>
              </gmd:textGroup>
              <gmd:textGroup>
                <gmd:LocalisedCharacterString locale="#FR">GPS</gmd:LocalisedCharacterString>
              </gmd:textGroup>
            </gmd:PT_FreeText>
          </gmd:keyword>
          <gmd:thesaurusName>
            <gmd:CI_Citation>
              <gmd:title>
                <gco:CharacterString>local._none_.geocat.ch</gco:CharacterString>
              </gmd:title>
              <gmd:date gco:nilReason="missing" />
            </gmd:CI_Citation>
          </gmd:thesaurusName>
        </gmd:MD_Keywords>
      </gmd:descriptiveKeywords>
      <gmd:descriptiveKeywords xmlns:xlink="http://www.w3.org/1999/xlink" xlink:show="embed">
        <gmd:MD_Keywords xmlns:skos="http://www.w3.org/2004/02/skos/core#" xmlns:xsi="http://www.w3.org/2001/XMLSchema-instance">
          <gmd:keyword xsi:type="gmd:PT_FreeText_PropertyType">
            <gmd:PT_FreeText>
              <gmd:textGroup>
                <gmd:LocalisedCharacterString locale="#EN">Topographic map</gmd:LocalisedCharacterString>
              </gmd:textGroup>
              <gmd:textGroup>
                <gmd:LocalisedCharacterString locale="#IT">carta topografica</gmd:LocalisedCharacterString>
              </gmd:textGroup>
              <gmd:textGroup>
                <gmd:LocalisedCharacterString locale="#DE">Topografische Karte</gmd:LocalisedCharacterString>
              </gmd:textGroup>
              <gmd:textGroup>
                <gmd:LocalisedCharacterString locale="#FR">Carte topographique</gmd:LocalisedCharacterString>
              </gmd:textGroup>
            </gmd:PT_FreeText>
          </gmd:keyword>
          <gmd:thesaurusName>
            <gmd:CI_Citation>
              <gmd:title>
                <gco:CharacterString>local._none_.geocat.ch</gco:CharacterString>
              </gmd:title>
              <gmd:date gco:nilReason="missing" />
            </gmd:CI_Citation>
          </gmd:thesaurusName>
        </gmd:MD_Keywords>
      </gmd:descriptiveKeywords>
      <gmd:descriptiveKeywords xmlns:xlink="http://www.w3.org/1999/xlink" xlink:show="embed">
        <gmd:MD_Keywords xmlns:skos="http://www.w3.org/2004/02/skos/core#" xmlns:xsi="http://www.w3.org/2001/XMLSchema-instance">
          <gmd:keyword xsi:type="gmd:PT_FreeText_PropertyType">
            <gmd:PT_FreeText>
              <gmd:textGroup>
                <gmd:LocalisedCharacterString locale="#EN">Place name</gmd:LocalisedCharacterString>
              </gmd:textGroup>
              <gmd:textGroup>
                <gmd:LocalisedCharacterString locale="#IT">nome del luogo</gmd:LocalisedCharacterString>
              </gmd:textGroup>
              <gmd:textGroup>
                <gmd:LocalisedCharacterString locale="#DE">Ortsname</gmd:LocalisedCharacterString>
              </gmd:textGroup>
              <gmd:textGroup>
                <gmd:LocalisedCharacterString locale="#FR">Nom de lieu, toponyme</gmd:LocalisedCharacterString>
              </gmd:textGroup>
            </gmd:PT_FreeText>
          </gmd:keyword>
          <gmd:thesaurusName>
            <gmd:CI_Citation>
              <gmd:title>
                <gco:CharacterString>local._none_.geocat.ch</gco:CharacterString>
              </gmd:title>
              <gmd:date gco:nilReason="missing" />
            </gmd:CI_Citation>
          </gmd:thesaurusName>
        </gmd:MD_Keywords>
      </gmd:descriptiveKeywords>
      <gmd:descriptiveKeywords xmlns:xlink="http://www.w3.org/1999/xlink" xlink:show="embed">
        <gmd:MD_Keywords xmlns:skos="http://www.w3.org/2004/02/skos/core#" xmlns:xsi="http://www.w3.org/2001/XMLSchema-instance">
          <gmd:keyword xsi:type="gmd:PT_FreeText_PropertyType">
            <gmd:PT_FreeText>
              <gmd:textGroup>
                <gmd:LocalisedCharacterString locale="#EN">hiking trail</gmd:LocalisedCharacterString>
              </gmd:textGroup>
              <gmd:textGroup>
                <gmd:LocalisedCharacterString locale="#IT">sentiero escursionistico</gmd:LocalisedCharacterString>
              </gmd:textGroup>
              <gmd:textGroup>
                <gmd:LocalisedCharacterString locale="#DE">Wanderweg</gmd:LocalisedCharacterString>
              </gmd:textGroup>
              <gmd:textGroup>
                <gmd:LocalisedCharacterString locale="#FR">sentier de randonnée</gmd:LocalisedCharacterString>
              </gmd:textGroup>
            </gmd:PT_FreeText>
          </gmd:keyword>
          <gmd:thesaurusName>
            <gmd:CI_Citation>
              <gmd:title>
                <gco:CharacterString>external._none_.gemet</gco:CharacterString>
              </gmd:title>
              <gmd:date gco:nilReason="missing" />
            </gmd:CI_Citation>
          </gmd:thesaurusName>
        </gmd:MD_Keywords>
      </gmd:descriptiveKeywords>
      <gmd:spatialRepresentationType>
        <gmd:MD_SpatialRepresentationTypeCode codeList="http://www.isotc211.org/2005/resources/codeList.xml#MD_SpatialRepresentationTypeCode" codeListValue="grid" />
      </gmd:spatialRepresentationType>
      <gmd:spatialResolution>
        <gmd:MD_Resolution>
          <gmd:equivalentScale>
            <gmd:MD_RepresentativeFraction>
              <gmd:denominator>
                <gco:Integer>25000</gco:Integer>
              </gmd:denominator>
            </gmd:MD_RepresentativeFraction>
          </gmd:equivalentScale>
        </gmd:MD_Resolution>
      </gmd:spatialResolution>
      <gmd:spatialResolution>
        <gmd:MD_Resolution>
          <gmd:equivalentScale>
            <gmd:MD_RepresentativeFraction>
              <gmd:denominator>
                <gco:Integer>500000</gco:Integer>
              </gmd:denominator>
            </gmd:MD_RepresentativeFraction>
          </gmd:equivalentScale>
        </gmd:MD_Resolution>
      </gmd:spatialResolution>
      <gmd:language>
        <gco:CharacterString>deu</gco:CharacterString>
      </gmd:language>
      <gmd:language>
        <gco:CharacterString>fra</gco:CharacterString>
      </gmd:language>
      <gmd:language>
        <gco:CharacterString>ita</gco:CharacterString>
      </gmd:language>
      <gmd:language>
        <gco:CharacterString>eng</gco:CharacterString>
      </gmd:language>
      <gmd:characterSet>
        <gmd:MD_CharacterSetCode codeList="http://www.isotc211.org/2005/resources/codeList.xml#MD_CharacterSetCode" codeListValue="utf8" />
      </gmd:characterSet>
      <gmd:topicCategory>
        <gmd:MD_TopicCategoryCode>inlandWaters</gmd:MD_TopicCategoryCode>
      </gmd:topicCategory>
      <gmd:topicCategory>
        <gmd:MD_TopicCategoryCode>boundaries</gmd:MD_TopicCategoryCode>
      </gmd:topicCategory>
      <gmd:topicCategory>
        <gmd:MD_TopicCategoryCode>elevation</gmd:MD_TopicCategoryCode>
      </gmd:topicCategory>
      <gmd:topicCategory>
        <gmd:MD_TopicCategoryCode>imageryBaseMapsEarthCover</gmd:MD_TopicCategoryCode>
      </gmd:topicCategory>
      <gmd:topicCategory>
        <gmd:MD_TopicCategoryCode>location</gmd:MD_TopicCategoryCode>
      </gmd:topicCategory>
      <gmd:topicCategory>
        <gmd:MD_TopicCategoryCode>environment</gmd:MD_TopicCategoryCode>
      </gmd:topicCategory>
      <gmd:topicCategory>
        <gmd:MD_TopicCategoryCode>transportation</gmd:MD_TopicCategoryCode>
      </gmd:topicCategory>
      <gmd:extent xmlns:xlink="http://www.w3.org/1999/xlink">
        <gmd:EX_Extent>
          <gmd:description xmlns:xsi="http://www.w3.org/2001/XMLSchema-instance" xsi:type="gmd:PT_FreeText_PropertyType">
            <gmd:PT_FreeText>
              <gmd:textGroup>
                <gmd:LocalisedCharacterString locale="#DE">Landeskarte 1:25'000</gmd:LocalisedCharacterString>
              </gmd:textGroup>
              <gmd:textGroup>
                <gmd:LocalisedCharacterString locale="#FR">Carte nationale 1:25'000</gmd:LocalisedCharacterString>
              </gmd:textGroup>
              <gmd:textGroup>
                <gmd:LocalisedCharacterString locale="#IT">Carta nazionale 1:25'000</gmd:LocalisedCharacterString>
              </gmd:textGroup>
              <gmd:textGroup>
                <gmd:LocalisedCharacterString locale="#EN">National Map 1:25'000</gmd:LocalisedCharacterString>
              </gmd:textGroup>
            </gmd:PT_FreeText>
          </gmd:description>
          <gmd:geographicElement>
            <gmd:EX_GeographicDescription>
              <gmd:geographicIdentifier>
                <gmd:MD_Identifier>
                  <gmd:code xmlns:xsi="http://www.w3.org/2001/XMLSchema-instance" xsi:type="gmd:PT_FreeText_PropertyType">
                    <gmd:PT_FreeText>
                      <gmd:textGroup>
                        <gmd:LocalisedCharacterString locale="#DE">LK25</gmd:LocalisedCharacterString>
                      </gmd:textGroup>
                      <gmd:textGroup>
                        <gmd:LocalisedCharacterString locale="#FR">CN25</gmd:LocalisedCharacterString>
                      </gmd:textGroup>
                      <gmd:textGroup>
                        <gmd:LocalisedCharacterString locale="#IT">CN25</gmd:LocalisedCharacterString>
                      </gmd:textGroup>
                      <gmd:textGroup>
                        <gmd:LocalisedCharacterString locale="#EN">NM25</gmd:LocalisedCharacterString>
                      </gmd:textGroup>
                      <gmd:textGroup>
                        <gmd:LocalisedCharacterString locale="#RM">CN25</gmd:LocalisedCharacterString>
                      </gmd:textGroup>
                    </gmd:PT_FreeText>
                  </gmd:code>
                </gmd:MD_Identifier>
              </gmd:geographicIdentifier>
            </gmd:EX_GeographicDescription>
          </gmd:geographicElement>
          <gmd:geographicElement>
            <gmd:EX_BoundingPolygon>
              <gmd:extentTypeCode>
                <gco:Boolean>1</gco:Boolean>
              </gmd:extentTypeCode>
              <gmd:polygon>
                <gml:MultiSurface gml:id="Nfceea36a0d374d35b8d910eb4a47efdd">
                  <gml:surfaceMember>
                    <gml:Polygon gml:id="N73645822380545f08a02c5b7219d865f">
                      <gml:exterior>
                        <gml:LinearRing>
                          <gml:posList>8.407 47.864 8.875 47.86 8.872 47.752 9.339 47.745 9.335 47.637 9.571 47.714 9.563 47.525 9.796 47.521 9.777 47.089 10.007 47.084 10.002 46.976 10.232 46.971 10.237 47.079 10.468 47.073 10.461 46.965 10.55 46.963 10.544 46.855 10.685 46.851 10.665 46.527 10.209 46.54 10.193 46.216 9.966 46.221 9.971 46.329 9.744 46.334 9.74 46.226 9.513 46.23 9.517 46.338 9.29 46.342 9.279 46.019 9.053 46.022 9.05 45.914 9.275 45.911 9.272 45.803 8.821 45.809 8.824 45.917 8.599 45.92 8.603 46.135 8.377 46.138 8.379 46.246 8.174 46.247 8.173 46.139 8.15 46.139 8.148 45.923 7.696 45.925 7.471 45.926 7.471 45.818 7.021 45.817 7.02 45.925 6.794 45.924 6.792 46.14 6.79 46.248 6.767 46.247 6.766 46.355 6.334 46.352 6.339 46.136 5.886 46.131 5.874 46.562 6.102 46.565 6.096 46.781 6.325 46.784 6.321 47.0 6.551 47.002 6.547 47.217 6.779 47.219 6.774 47.543 7.472 47.545 7.472 47.653 8.404 47.649 8.407 47.864</gml:posList>
                        </gml:LinearRing>
                      </gml:exterior>
                    </gml:Polygon>
                  </gml:surfaceMember>
                </gml:MultiSurface>
              </gmd:polygon>
            </gmd:EX_BoundingPolygon>
          </gmd:geographicElement>
          <gmd:geographicElement>
            <gmd:EX_GeographicBoundingBox>
              <gmd:extentTypeCode>
                <gco:Boolean>1</gco:Boolean>
              </gmd:extentTypeCode>
              <gmd:westBoundLongitude>
                <gco:Decimal>5.874</gco:Decimal>
              </gmd:westBoundLongitude>
              <gmd:eastBoundLongitude>
                <gco:Decimal>10.685</gco:Decimal>
              </gmd:eastBoundLongitude>
              <gmd:southBoundLatitude>
                <gco:Decimal>45.803</gco:Decimal>
              </gmd:southBoundLatitude>
              <gmd:northBoundLatitude>
                <gco:Decimal>47.864</gco:Decimal>
              </gmd:northBoundLatitude>
            </gmd:EX_GeographicBoundingBox>
          </gmd:geographicElement>
        </gmd:EX_Extent>
      </gmd:extent>
      <gmd:extent xmlns:xlink="http://www.w3.org/1999/xlink">
        <gmd:EX_Extent>
          <gmd:description xmlns:xsi="http://www.w3.org/2001/XMLSchema-instance" xsi:type="gmd:PT_FreeText_PropertyType">
            <gmd:PT_FreeText>
              <gmd:textGroup>
                <gmd:LocalisedCharacterString locale="#DE">Landeskarte 1:500'000</gmd:LocalisedCharacterString>
              </gmd:textGroup>
              <gmd:textGroup>
                <gmd:LocalisedCharacterString locale="#FR">Carte nationale 1:500'000</gmd:LocalisedCharacterString>
              </gmd:textGroup>
              <gmd:textGroup>
                <gmd:LocalisedCharacterString locale="#IT">Carta nazionale 1:500'000</gmd:LocalisedCharacterString>
              </gmd:textGroup>
              <gmd:textGroup>
                <gmd:LocalisedCharacterString locale="#EN">National Map 1:500'000</gmd:LocalisedCharacterString>
              </gmd:textGroup>
              <gmd:textGroup>
                <gmd:LocalisedCharacterString locale="#RM">Landeskarte 1:500'000</gmd:LocalisedCharacterString>
              </gmd:textGroup>
            </gmd:PT_FreeText>
          </gmd:description>
          <gmd:geographicElement>
            <gmd:EX_GeographicDescription>
              <gmd:geographicIdentifier>
                <gmd:MD_Identifier>
                  <gmd:code xmlns:xsi="http://www.w3.org/2001/XMLSchema-instance" xsi:type="gmd:PT_FreeText_PropertyType">
                    <gmd:PT_FreeText>
                      <gmd:textGroup>
                        <gmd:LocalisedCharacterString locale="#DE">LK500</gmd:LocalisedCharacterString>
                      </gmd:textGroup>
                      <gmd:textGroup>
                        <gmd:LocalisedCharacterString locale="#FR">CN500</gmd:LocalisedCharacterString>
                      </gmd:textGroup>
                      <gmd:textGroup>
                        <gmd:LocalisedCharacterString locale="#IT">CN500</gmd:LocalisedCharacterString>
                      </gmd:textGroup>
                      <gmd:textGroup>
                        <gmd:LocalisedCharacterString locale="#EN">NM500</gmd:LocalisedCharacterString>
                      </gmd:textGroup>
                      <gmd:textGroup>
                        <gmd:LocalisedCharacterString locale="#RM">LK500</gmd:LocalisedCharacterString>
                      </gmd:textGroup>
                    </gmd:PT_FreeText>
                  </gmd:code>
                </gmd:MD_Identifier>
              </gmd:geographicIdentifier>
            </gmd:EX_GeographicDescription>
          </gmd:geographicElement>
          <gmd:geographicElement>
            <gmd:EX_BoundingPolygon>
              <gmd:extentTypeCode>
                <gco:Boolean>1</gco:Boolean>
              </gmd:extentTypeCode>
              <gmd:polygon>
                <gml:MultiSurface gml:id="Na8e7110633b142da82b4faa5edbfca6a">
                  <gml:surfaceMember>
                    <gml:Polygon gml:id="N0b1d67eeca1e4cdfa4b03c816c2dedb9">
                      <gml:exterior>
                        <gml:LinearRing>
                          <gml:posList>5.835 47.857 10.978 47.815 10.839 45.658 5.898 45.699 5.835 47.857</gml:posList>
                        </gml:LinearRing>
                      </gml:exterior>
                    </gml:Polygon>
                  </gml:surfaceMember>
                </gml:MultiSurface>
              </gmd:polygon>
            </gmd:EX_BoundingPolygon>
          </gmd:geographicElement>
          <gmd:geographicElement>
            <gmd:EX_GeographicBoundingBox>
              <gmd:extentTypeCode>
                <gco:Boolean>1</gco:Boolean>
              </gmd:extentTypeCode>
              <gmd:westBoundLongitude>
                <gco:Decimal>5.835</gco:Decimal>
              </gmd:westBoundLongitude>
              <gmd:eastBoundLongitude>
                <gco:Decimal>10.978</gco:Decimal>
              </gmd:eastBoundLongitude>
              <gmd:southBoundLatitude>
                <gco:Decimal>45.658</gco:Decimal>
              </gmd:southBoundLatitude>
              <gmd:northBoundLatitude>
                <gco:Decimal>47.857</gco:Decimal>
              </gmd:northBoundLatitude>
            </gmd:EX_GeographicBoundingBox>
          </gmd:geographicElement>
        </gmd:EX_Extent>
      </gmd:extent>
    </che:CHE_MD_DataIdentification>
  </gmd:identificationInfo>
  <gmd:dataQualityInfo xmlns:comp="http://www.geocat.ch/2003/05/gateway/GM03Comprehensive" xmlns:xalan="http://xml.apache.org/xalan" xmlns:gmi="http://www.isotc211.org/2005/gmi">
    <gmd:DQ_DataQuality>
      <gmd:scope>
        <gmd:DQ_Scope>
          <gmd:level>
            <gmd:MD_ScopeCode codeList="http://www.isotc211.org/2005/resources/codeList.xml#MD_ScopeCode" codeListValue="dataset" />
          </gmd:level>
        </gmd:DQ_Scope>
      </gmd:scope>
      <gmd:lineage>
        <gmd:LI_Lineage>
          <gmd:statement xmlns:xsi="http://www.w3.org/2001/XMLSchema-instance" xsi:type="gmd:PT_FreeText_PropertyType">
            <gmd:PT_FreeText xmlns:xlink="http://www.w3.org/1999/xlink" xmlns:gmx="http://www.isotc211.org/2005/gmx" xmlns:gts="http://www.isotc211.org/2005/gts">
              <gmd:textGroup>
                <gmd:LocalisedCharacterString locale="#DE">Basiert auf der Landeskarte 1:25'000</gmd:LocalisedCharacterString>
              </gmd:textGroup>
              <gmd:textGroup>
                <gmd:LocalisedCharacterString locale="#FR">Se base sur la carte nationale 1:25'000</gmd:LocalisedCharacterString>
              </gmd:textGroup>
              <gmd:textGroup>
                <gmd:LocalisedCharacterString locale="#EN">Based on the national map 1:25'000</gmd:LocalisedCharacterString>
              </gmd:textGroup>
            </gmd:PT_FreeText>
          </gmd:statement>
        </gmd:LI_Lineage>
      </gmd:lineage>
    </gmd:DQ_DataQuality>
  </gmd:dataQualityInfo>
</che:CHE_MD_Metadata>