<?xml version="1.0" encoding="UTF-8"?>
<info version="1.1">
  <general>
    <createDate>2023-12-13T02:51:48.183Z</createDate>
    <changeDate>2023-12-13T02:51:48.183Z</changeDate>
    <schema>iso19115-3.2018</schema>
    <isTemplate>s</isTemplate>
    <localId>218</localId>
    <format>full</format>
    <rating>0</rating>
    <popularity>0</popularity>
    <uuid>44de3864-e8fe-4887-9a4e-dc352f3047e2</uuid>
    <siteId>be0f9768-b0f2-4019-a913-8504f433ae5b</siteId>
    <siteName>Test-ANZMetLite</siteName>
  </general>
  <categories />
  <privileges>
    <group name="sample" groupOwner="true">
      <operation name="view" />
      <operation name="notify" />
    </group>
  </privileges>
  <public />
  <private />
</info>

