<?xml version="1.0" encoding="UTF-8"?>
<info version="1.1">
  <general>
    <createDate>2009-04-02T12:00:00</createDate>
    <changeDate>2012-01-17T08:54:02</changeDate>
    <schema>iso19139.che</schema>
    <isTemplate>false</isTemplate>
    <localId>449</localId>
    <format>full</format>
    <rating>0</rating>
    <popularity>6011</popularity>
    <uuid>5f75341e-2050-4ed9-a8de-ee7637490565</uuid>
    <siteId>7ea582d4-9ddf-422e-b28f-29760a4c0147</siteId>
    <siteName>_geocat.ch direct partners</siteName>
  </general>
  <categories />
  <privileges>
    <group name="swisstopo" groupOwner="true">
      <operation name="view" />
      <operation name="download" />
    </group>
  </privileges>
  <public />
  <private />
</info>

