<?xml version="1.0" encoding="UTF-8"?>

<gmd:MD_Metadata xmlns:gmd="http://www.isotc211.org/2005/gmd">
  <gmd:fileIdentifier xmlns:comp="http://www.geocat.ch/2003/05/gateway/GM03Comprehensive" xmlns:xalan="http://xml.apache.org/xalan" xmlns:che="http://www.geocat.ch/2008/che" xmlns:srv="http://www.isotc211.org/2005/srv" xmlns:gco="http://www.isotc211.org/2005/gco" xmlns:gml="http://www.opengis.net/gml" xmlns:geonet="http://www.fao.org/geonetwork">
    <gco:CharacterString>52a80350-0a23-487b-a164-8d5e7686336e</gco:CharacterString>
  </gmd:fileIdentifier>
  <gmd:language xmlns:comp="http://www.geocat.ch/2003/05/gateway/GM03Comprehensive" xmlns:xalan="http://xml.apache.org/xalan" xmlns:che="http://www.geocat.ch/2008/che" xmlns:srv="http://www.isotc211.org/2005/srv" xmlns:gco="http://www.isotc211.org/2005/gco" xmlns:gml="http://www.opengis.net/gml" xmlns:geonet="http://www.fao.org/geonetwork">
    <gco:CharacterString>deu</gco:CharacterString>
  </gmd:language>
  <gmd:characterSet xmlns:comp="http://www.geocat.ch/2003/05/gateway/GM03Comprehensive" xmlns:xalan="http://xml.apache.org/xalan" xmlns:che="http://www.geocat.ch/2008/che" xmlns:srv="http://www.isotc211.org/2005/srv" xmlns:gco="http://www.isotc211.org/2005/gco" xmlns:gml="http://www.opengis.net/gml" xmlns:geonet="http://www.fao.org/geonetwork">
    <gmd:MD_CharacterSetCode codeList="http://www.isotc211.org/2005/resources/codeList.xml#MD_CharacterSetCode" codeListValue="utf8" />
  </gmd:characterSet>
  <gmd:hierarchyLevel xmlns:comp="http://www.geocat.ch/2003/05/gateway/GM03Comprehensive" xmlns:xalan="http://xml.apache.org/xalan" xmlns:che="http://www.geocat.ch/2008/che" xmlns:srv="http://www.isotc211.org/2005/srv" xmlns:gco="http://www.isotc211.org/2005/gco" xmlns:gml="http://www.opengis.net/gml" xmlns:geonet="http://www.fao.org/geonetwork">
    <gmd:MD_ScopeCode codeList="http://www.isotc211.org/2005/resources/codeList.xml#MD_ScopeCode" codeListValue="dataset" />
  </gmd:hierarchyLevel>
  <gmd:contact xmlns:comp="http://www.geocat.ch/2003/05/gateway/GM03Comprehensive" xmlns:xalan="http://xml.apache.org/xalan" xmlns:xlink="http://www.w3.org/1999/xlink" xmlns:che="http://www.geocat.ch/2008/che" xmlns:srv="http://www.isotc211.org/2005/srv" xmlns:gco="http://www.isotc211.org/2005/gco" xmlns:gml="http://www.opengis.net/gml" xmlns:geonet="http://www.fao.org/geonetwork" xlink:show="embed">
    <gmd:CI_ResponsibleParty>
      <gmd:organisationName xmlns:xsi="http://www.w3.org/2001/XMLSchema-instance" xsi:type="gmd:PT_FreeText_PropertyType">
        <gmd:PT_FreeText>
          <gmd:textGroup>
            <gmd:LocalisedCharacterString locale="#DE">Bundesamt für Landestopografie</gmd:LocalisedCharacterString>
          </gmd:textGroup>
          <gmd:textGroup>
            <gmd:LocalisedCharacterString locale="#FR">Office fédéral de topographie</gmd:LocalisedCharacterString>
          </gmd:textGroup>
          <gmd:textGroup>
            <gmd:LocalisedCharacterString locale="#IT">Ufficio federale di topografia</gmd:LocalisedCharacterString>
          </gmd:textGroup>
          <gmd:textGroup>
            <gmd:LocalisedCharacterString locale="#EN">Federal Office of Topography</gmd:LocalisedCharacterString>
          </gmd:textGroup>
        </gmd:PT_FreeText>
      </gmd:organisationName>
      <gmd:positionName xmlns:xsi="http://www.w3.org/2001/XMLSchema-instance" xsi:type="gmd:PT_FreeText_PropertyType">
        <gmd:PT_FreeText>
          <gmd:textGroup>
            <gmd:LocalisedCharacterString locale="#DE">Metadaten</gmd:LocalisedCharacterString>
          </gmd:textGroup>
          <gmd:textGroup>
            <gmd:LocalisedCharacterString locale="#FR">Métadonnées</gmd:LocalisedCharacterString>
          </gmd:textGroup>
          <gmd:textGroup>
            <gmd:LocalisedCharacterString locale="#IT">Metadati</gmd:LocalisedCharacterString>
          </gmd:textGroup>
          <gmd:textGroup>
            <gmd:LocalisedCharacterString locale="#EN">Metadata contact</gmd:LocalisedCharacterString>
          </gmd:textGroup>
        </gmd:PT_FreeText>
      </gmd:positionName>
      <gmd:contactInfo xmlns:xsi="http://www.w3.org/2001/XMLSchema-instance">
        <gmd:CI_Contact>
          <gmd:phone>
            <gmd:CI_Telephone>
              <gmd:voice>
                <gco:CharacterString>+41 31 963 21 11</gco:CharacterString>
              </gmd:voice>
              <gmd:facsimile>
                <gco:CharacterString>+41 31 963 24 59</gco:CharacterString>
              </gmd:facsimile>
            </gmd:CI_Telephone>
          </gmd:phone>
          <gmd:address>
            <gmd:CI_Address>
              <gmd:city>
                <gco:CharacterString>Wabern</gco:CharacterString>
              </gmd:city>
              <gmd:postalCode>
                <gco:CharacterString>3084</gco:CharacterString>
              </gmd:postalCode>
              <gmd:country xsi:type="gmd:PT_FreeText_PropertyType">
                <gco:CharacterString>CH</gco:CharacterString>
              </gmd:country>
              <gmd:electronicMailAddress>
                <gco:CharacterString>metadata@swisstopo.ch</gco:CharacterString>
              </gmd:electronicMailAddress>
            </gmd:CI_Address>
          </gmd:address>
          <gmd:onlineResource>
            <gmd:CI_OnlineResource>
              <gmd:linkage />
              <gmd:protocol>
                <gco:CharacterString>text/html</gco:CharacterString>
              </gmd:protocol>
              <gmd:name xsi:type="gmd:PT_FreeText_PropertyType">
                <gmd:PT_FreeText>
                  <gmd:textGroup>
                    <gmd:LocalisedCharacterString locale="#EN" />
                  </gmd:textGroup>
                </gmd:PT_FreeText>
              </gmd:name>
              <gmd:description xsi:type="gmd:PT_FreeText_PropertyType">
                <gmd:PT_FreeText>
                  <gmd:textGroup>
                    <gmd:LocalisedCharacterString locale="#EN" />
                  </gmd:textGroup>
                </gmd:PT_FreeText>
              </gmd:description>
            </gmd:CI_OnlineResource>
          </gmd:onlineResource>
          <gmd:hoursOfService>
            <gco:CharacterString>08h30 - 11h00 / 14h00 - 16h00 GMT+1</gco:CharacterString>
          </gmd:hoursOfService>
        </gmd:CI_Contact>
      </gmd:contactInfo>
      <gmd:role xmlns:xsi="http://www.w3.org/2001/XMLSchema-instance">
        <gmd:CI_RoleCode codeListValue="custodian" codeList="http://www.isotc211.org/2005/resources/codeList.xml#CI_RoleCode" />
      </gmd:role>
    </gmd:CI_ResponsibleParty>
  </gmd:contact>
  <gmd:dateStamp xmlns:comp="http://www.geocat.ch/2003/05/gateway/GM03Comprehensive" xmlns:xalan="http://xml.apache.org/xalan" xmlns:che="http://www.geocat.ch/2008/che" xmlns:srv="http://www.isotc211.org/2005/srv" xmlns:gco="http://www.isotc211.org/2005/gco" xmlns:gml="http://www.opengis.net/gml" xmlns:geonet="http://www.fao.org/geonetwork">
    <gco:DateTime>2012-01-17T09:15:25</gco:DateTime>
  </gmd:dateStamp>
  <gmd:metadataStandardName xmlns:srv="http://www.isotc211.org/2005/srv" xmlns:gmi="http://www.isotc211.org/2005/gmi" xmlns:gmx="http://www.isotc211.org/2005/gmx" xmlns:xsi="http://www.w3.org/2001/XMLSchema-instance" xmlns:gfc="http://www.isotc211.org/2005/gfc" xmlns:gco="http://www.isotc211.org/2005/gco" xmlns:xlink="http://www.w3.org/1999/xlink" xmlns:gml="http://www.opengis.net/gml">
    <gco:CharacterString>ISO 19115/19119</gco:CharacterString>
  </gmd:metadataStandardName>
  <gmd:locale xmlns:comp="http://www.geocat.ch/2003/05/gateway/GM03Comprehensive" xmlns:xalan="http://xml.apache.org/xalan" xmlns:che="http://www.geocat.ch/2008/che" xmlns:srv="http://www.isotc211.org/2005/srv" xmlns:gco="http://www.isotc211.org/2005/gco" xmlns:gml="http://www.opengis.net/gml" xmlns:geonet="http://www.fao.org/geonetwork">
    <gmd:PT_Locale id="DE">
      <gmd:languageCode>
        <gmd:LanguageCode codeList="#LanguageCode" codeListValue="deu">German</gmd:LanguageCode>
      </gmd:languageCode>
      <gmd:characterEncoding>
        <gmd:MD_CharacterSetCode codeList="#MD_CharacterSetCode" codeListValue="utf8">UTF8</gmd:MD_CharacterSetCode>
      </gmd:characterEncoding>
    </gmd:PT_Locale>
  </gmd:locale>
  <gmd:locale xmlns:comp="http://www.geocat.ch/2003/05/gateway/GM03Comprehensive" xmlns:xalan="http://xml.apache.org/xalan" xmlns:che="http://www.geocat.ch/2008/che" xmlns:srv="http://www.isotc211.org/2005/srv" xmlns:gco="http://www.isotc211.org/2005/gco" xmlns:gml="http://www.opengis.net/gml" xmlns:geonet="http://www.fao.org/geonetwork">
    <gmd:PT_Locale id="FR">
      <gmd:languageCode>
        <gmd:LanguageCode codeList="#LanguageCode" codeListValue="fra">French</gmd:LanguageCode>
      </gmd:languageCode>
      <gmd:characterEncoding>
        <gmd:MD_CharacterSetCode codeList="#MD_CharacterSetCode" codeListValue="utf8">UTF8</gmd:MD_CharacterSetCode>
      </gmd:characterEncoding>
    </gmd:PT_Locale>
  </gmd:locale>
  <gmd:locale xmlns:comp="http://www.geocat.ch/2003/05/gateway/GM03Comprehensive" xmlns:xalan="http://xml.apache.org/xalan" xmlns:che="http://www.geocat.ch/2008/che" xmlns:srv="http://www.isotc211.org/2005/srv" xmlns:gco="http://www.isotc211.org/2005/gco" xmlns:gml="http://www.opengis.net/gml" xmlns:geonet="http://www.fao.org/geonetwork">
    <gmd:PT_Locale id="IT">
      <gmd:languageCode>
        <gmd:LanguageCode codeList="#LanguageCode" codeListValue="ita">Italian</gmd:LanguageCode>
      </gmd:languageCode>
      <gmd:characterEncoding>
        <gmd:MD_CharacterSetCode codeList="#MD_CharacterSetCode" codeListValue="utf8">UTF8</gmd:MD_CharacterSetCode>
      </gmd:characterEncoding>
    </gmd:PT_Locale>
  </gmd:locale>
  <gmd:locale xmlns:comp="http://www.geocat.ch/2003/05/gateway/GM03Comprehensive" xmlns:xalan="http://xml.apache.org/xalan" xmlns:che="http://www.geocat.ch/2008/che" xmlns:srv="http://www.isotc211.org/2005/srv" xmlns:gco="http://www.isotc211.org/2005/gco" xmlns:gml="http://www.opengis.net/gml" xmlns:geonet="http://www.fao.org/geonetwork">
    <gmd:PT_Locale id="EN">
      <gmd:languageCode>
        <gmd:LanguageCode codeList="#LanguageCode" codeListValue="eng">English</gmd:LanguageCode>
      </gmd:languageCode>
      <gmd:characterEncoding>
        <gmd:MD_CharacterSetCode codeList="#MD_CharacterSetCode" codeListValue="utf8">UTF8</gmd:MD_CharacterSetCode>
      </gmd:characterEncoding>
    </gmd:PT_Locale>
  </gmd:locale>
  <gmd:referenceSystemInfo xmlns:comp="http://www.geocat.ch/2003/05/gateway/GM03Comprehensive" xmlns:xalan="http://xml.apache.org/xalan" xmlns:che="http://www.geocat.ch/2008/che" xmlns:srv="http://www.isotc211.org/2005/srv" xmlns:gco="http://www.isotc211.org/2005/gco" xmlns:gml="http://www.opengis.net/gml" xmlns:geonet="http://www.fao.org/geonetwork">
    <gmd:MD_ReferenceSystem>
      <gmd:referenceSystemIdentifier>
        <gmd:RS_Identifier>
          <gmd:code xmlns:xsi="http://www.w3.org/2001/XMLSchema-instance" xsi:type="gmd:PT_FreeText_PropertyType">
            <gmd:PT_FreeText xmlns:xlink="http://www.w3.org/1999/xlink" xmlns:gmx="http://www.isotc211.org/2005/gmx" xmlns:gts="http://www.isotc211.org/2005/gts">
              <gmd:textGroup>
                <gmd:LocalisedCharacterString locale="#DE">CH1903</gmd:LocalisedCharacterString>
              </gmd:textGroup>
              <gmd:textGroup>
                <gmd:LocalisedCharacterString locale="#FR">CH1903</gmd:LocalisedCharacterString>
              </gmd:textGroup>
              <gmd:textGroup>
                <gmd:LocalisedCharacterString locale="#EN">CH1903</gmd:LocalisedCharacterString>
              </gmd:textGroup>
              <gmd:textGroup>
                <gmd:LocalisedCharacterString locale="#IT">CH1903</gmd:LocalisedCharacterString>
              </gmd:textGroup>
            </gmd:PT_FreeText>
          </gmd:code>
        </gmd:RS_Identifier>
      </gmd:referenceSystemIdentifier>
    </gmd:MD_ReferenceSystem>
  </gmd:referenceSystemInfo>
  <gmd:identificationInfo xmlns:comp="http://www.geocat.ch/2003/05/gateway/GM03Comprehensive" xmlns:xalan="http://xml.apache.org/xalan" xmlns:che="http://www.geocat.ch/2008/che" xmlns:srv="http://www.isotc211.org/2005/srv" xmlns:gco="http://www.isotc211.org/2005/gco" xmlns:gml="http://www.opengis.net/gml" xmlns:geonet="http://www.fao.org/geonetwork">
    <gmd:MD_DataIdentification>
      <gmd:citation>
        <gmd:CI_Citation>
          <gmd:title xmlns:xsi="http://www.w3.org/2001/XMLSchema-instance" xsi:type="gmd:PT_FreeText_PropertyType">
            <gmd:PT_FreeText xmlns:xlink="http://www.w3.org/1999/xlink" xmlns:gmx="http://www.isotc211.org/2005/gmx" xmlns:gts="http://www.isotc211.org/2005/gts">
              <gmd:textGroup>
                <gmd:LocalisedCharacterString locale="#DE">Wanderkarten Serie "T" 1:50'000</gmd:LocalisedCharacterString>
              </gmd:textGroup>
              <gmd:textGroup>
                <gmd:LocalisedCharacterString locale="#FR">Carte d'excursions Serie "T" 1:50'000</gmd:LocalisedCharacterString>
              </gmd:textGroup>
              <gmd:textGroup>
                <gmd:LocalisedCharacterString locale="#EN">Hiking Map Serie "T" 1:50'000</gmd:LocalisedCharacterString>
              </gmd:textGroup>
            </gmd:PT_FreeText>
          </gmd:title>
          <gmd:alternateTitle xmlns:xsi="http://www.w3.org/2001/XMLSchema-instance" xsi:type="gmd:PT_FreeText_PropertyType">
            <gmd:PT_FreeText xmlns:xlink="http://www.w3.org/1999/xlink" xmlns:gmx="http://www.isotc211.org/2005/gmx" xmlns:gts="http://www.isotc211.org/2005/gts">
              <gmd:textGroup>
                <gmd:LocalisedCharacterString locale="#DE">SAW50</gmd:LocalisedCharacterString>
              </gmd:textGroup>
            </gmd:PT_FreeText>
          </gmd:alternateTitle>
          <gmd:date>
            <gmd:CI_Date>
              <gmd:date>
                <gco:Date>1982-06-30</gco:Date>
              </gmd:date>
              <gmd:dateType>
                <gmd:CI_DateTypeCode codeList="http://www.isotc211.org/2005/resources/codeList.xml#CI_DateTypeCode" codeListValue="creation" />
              </gmd:dateType>
            </gmd:CI_Date>
          </gmd:date>
          <gmd:presentationForm>
            <gmd:CI_PresentationFormCode codeList="http://www.isotc211.org/2005/resources/codeList.xml#CI_PresentationFormCode" codeListValue="mapHardcopy" />
          </gmd:presentationForm>
        </gmd:CI_Citation>
      </gmd:citation>
      <gmd:abstract xmlns:xsi="http://www.w3.org/2001/XMLSchema-instance" xsi:type="gmd:PT_FreeText_PropertyType">
        <gmd:PT_FreeText xmlns:xlink="http://www.w3.org/1999/xlink" xmlns:gmx="http://www.isotc211.org/2005/gmx" xmlns:gts="http://www.isotc211.org/2005/gts">
          <gmd:textGroup>
            <gmd:LocalisedCharacterString locale="#DE">Die Wanderkarten Serie "T" 1:50'000 ist die offizielle Karte der Schweizer Wanderwege. Sie basiert auf der Landeskarte 1:50'000 und enthält Wanderrouten, Bergwanderrouten, Alpinwanderrouten, Wanderlandrouten, Buslinien, Schifffahrtslinien, Seilbahnen, Haltestellen des öffentlichen Verkehrs, Hütten und abgelegene Gasthöfe. Die Blatteinteilung entspricht im Wesentlichen der Landeskarte 1:50'000. Von ausgewählten Regionen bestehen Zusammensetzungen. Die Erstausgabe wurde blattweise in den Jahren 1982 bis 2007 publiziert; die Nachführung erfolgt periodisch mit einem Nachführungszyklus von ca. 6 Jahren. Alle Karten sind gefalzt und ungefalzt erhältlich.</gmd:LocalisedCharacterString>
          </gmd:textGroup>
          <gmd:textGroup>
            <gmd:LocalisedCharacterString locale="#FR">La série des cartes de randonnées "T" au 1:50'000 est la carte officielle de Suisse Rando. Cette série se base sur la carte nationale au 1:50'000, s'y ajoute les itinéraires de randonnée pédestre, les itinéraires de montagne, les itinéraires alpins, les lignes d'autobus, téléphériques, les lignes de bateaux, les arrêts des transports publics ainsi que les cabanes et auberges isolées. La répartition des feuilles est en grande partie la même que la carte nationale au 1:50'000. Les premières éditions se sont échelonnées de 1982 à 2007. La mise à jour s'effectue par secteur et suivant un cycle de 6 ans. Il existe également des assemblages pour certaines régions d'intérêt géographique ou touristique. Les cartes sont disponibles soit pliées, soit à plat.</gmd:LocalisedCharacterString>
          </gmd:textGroup>
          <gmd:textGroup>
            <gmd:LocalisedCharacterString locale="#EN">The Hiking Map series "T" 1:50'000 is the official map for the hiking trails of Switzerland. It is based on the National Map 1:50'000 and contains the marked hiking and mountain trails, the alpine routes as well as the lines and stops of public transport (rail, bus, aerial cableway, ship) as well as mountain shelters and remote inns. The perimeters of the sheets correspond with a few exceptions to the National Map 1:50'000. There are composites of specified regions. The first publications came out between 1982 and 2007. The map content is updated periodically in a cycle of approx. 6 years. The printed map is available folded and unfolded.</gmd:LocalisedCharacterString>
          </gmd:textGroup>
        </gmd:PT_FreeText>
      </gmd:abstract>
      <gmd:status>
        <gmd:MD_ProgressCode codeList="http://www.isotc211.org/2005/resources/codeList.xml#MD_ProgressCode" codeListValue="onGoing" />
      </gmd:status>
      <gmd:graphicOverview>
        <gmd:MD_BrowseGraphic>
          <gmd:fileName>
            <gco:CharacterString>http://www.swisstopo.admin.ch/internet/swisstopo/de/home/products/maps/leisure/hiking/hiking_50.parsys.58028.Image.jpeg</gco:CharacterString>
          </gmd:fileName>
        </gmd:MD_BrowseGraphic>
      </gmd:graphicOverview>
      <gmd:descriptiveKeywords xmlns:xlink="http://www.w3.org/1999/xlink">
        <gmd:MD_Keywords xmlns:skos="http://www.w3.org/2004/02/skos/core#" xmlns:xsi="http://www.w3.org/2001/XMLSchema-instance">
          <gmd:keyword xsi:type="gmd:PT_FreeText_PropertyType">
            <gmd:PT_FreeText>
              <gmd:textGroup>
                <gmd:LocalisedCharacterString locale="#EN">cartography</gmd:LocalisedCharacterString>
              </gmd:textGroup>
              <gmd:textGroup>
                <gmd:LocalisedCharacterString locale="#DE">Kartographie</gmd:LocalisedCharacterString>
              </gmd:textGroup>
              <gmd:textGroup>
                <gmd:LocalisedCharacterString locale="#FR">cartographie</gmd:LocalisedCharacterString>
              </gmd:textGroup>
              <gmd:textGroup>
                <gmd:LocalisedCharacterString locale="#IT">cartografia</gmd:LocalisedCharacterString>
              </gmd:textGroup>
            </gmd:PT_FreeText>
          </gmd:keyword>
          <gmd:thesaurusName>
            <gmd:CI_Citation>
              <gmd:title>
                <gco:CharacterString>external._none_.gemet</gco:CharacterString>
              </gmd:title>
              <gmd:date gco:nilReason="missing" />
            </gmd:CI_Citation>
          </gmd:thesaurusName>
        </gmd:MD_Keywords>
      </gmd:descriptiveKeywords>
      <gmd:descriptiveKeywords xmlns:xlink="http://www.w3.org/1999/xlink" xlink:show="embed">
        <gmd:MD_Keywords xmlns:skos="http://www.w3.org/2004/02/skos/core#" xmlns:xsi="http://www.w3.org/2001/XMLSchema-instance">
          <gmd:keyword xsi:type="gmd:PT_FreeText_PropertyType">
            <gmd:PT_FreeText>
              <gmd:textGroup>
                <gmd:LocalisedCharacterString locale="#EN">Bus network</gmd:LocalisedCharacterString>
              </gmd:textGroup>
              <gmd:textGroup>
                <gmd:LocalisedCharacterString locale="#IT">linea d'autobus</gmd:LocalisedCharacterString>
              </gmd:textGroup>
              <gmd:textGroup>
                <gmd:LocalisedCharacterString locale="#DE">Buslinie</gmd:LocalisedCharacterString>
              </gmd:textGroup>
              <gmd:textGroup>
                <gmd:LocalisedCharacterString locale="#FR">ligne de bus</gmd:LocalisedCharacterString>
              </gmd:textGroup>
            </gmd:PT_FreeText>
          </gmd:keyword>
          <gmd:thesaurusName>
            <gmd:CI_Citation>
              <gmd:title>
                <gco:CharacterString>local._none_.geocat.ch</gco:CharacterString>
              </gmd:title>
              <gmd:date gco:nilReason="missing" />
            </gmd:CI_Citation>
          </gmd:thesaurusName>
        </gmd:MD_Keywords>
      </gmd:descriptiveKeywords>
      <gmd:descriptiveKeywords xmlns:xlink="http://www.w3.org/1999/xlink">
        <gmd:MD_Keywords xmlns:skos="http://www.w3.org/2004/02/skos/core#" xmlns:xsi="http://www.w3.org/2001/XMLSchema-instance">
          <gmd:keyword xsi:type="gmd:PT_FreeText_PropertyType">
            <gmd:PT_FreeText>
              <gmd:textGroup>
                <gmd:LocalisedCharacterString locale="#EN">public transport stop</gmd:LocalisedCharacterString>
              </gmd:textGroup>
              <gmd:textGroup>
                <gmd:LocalisedCharacterString locale="#DE">Haltestelle öffentlicher Verkehrsbetriebe</gmd:LocalisedCharacterString>
              </gmd:textGroup>
              <gmd:textGroup>
                <gmd:LocalisedCharacterString locale="#FR">arrêt de transports publics</gmd:LocalisedCharacterString>
              </gmd:textGroup>
              <gmd:textGroup>
                <gmd:LocalisedCharacterString locale="#IT">fermata delle aziende pubbliche</gmd:LocalisedCharacterString>
              </gmd:textGroup>
            </gmd:PT_FreeText>
          </gmd:keyword>
          <gmd:thesaurusName>
            <gmd:CI_Citation>
              <gmd:title>
                <gco:CharacterString>local._none_.geocat.ch</gco:CharacterString>
              </gmd:title>
              <gmd:date gco:nilReason="missing" />
            </gmd:CI_Citation>
          </gmd:thesaurusName>
        </gmd:MD_Keywords>
      </gmd:descriptiveKeywords>
      <gmd:descriptiveKeywords xmlns:xlink="http://www.w3.org/1999/xlink">
        <gmd:MD_Keywords xmlns:skos="http://www.w3.org/2004/02/skos/core#" xmlns:xsi="http://www.w3.org/2001/XMLSchema-instance">
          <gmd:keyword xsi:type="gmd:PT_FreeText_PropertyType">
            <gmd:PT_FreeText>
              <gmd:textGroup>
                <gmd:LocalisedCharacterString locale="#EN">human-powered mobility</gmd:LocalisedCharacterString>
              </gmd:textGroup>
              <gmd:textGroup>
                <gmd:LocalisedCharacterString locale="#DE">Langsamverkehr</gmd:LocalisedCharacterString>
              </gmd:textGroup>
              <gmd:textGroup>
                <gmd:LocalisedCharacterString locale="#FR">trafic non motorisé</gmd:LocalisedCharacterString>
              </gmd:textGroup>
              <gmd:textGroup>
                <gmd:LocalisedCharacterString locale="#IT">traffico lento</gmd:LocalisedCharacterString>
              </gmd:textGroup>
            </gmd:PT_FreeText>
          </gmd:keyword>
          <gmd:thesaurusName>
            <gmd:CI_Citation>
              <gmd:title>
                <gco:CharacterString>local._none_.geocat.ch</gco:CharacterString>
              </gmd:title>
              <gmd:date gco:nilReason="missing" />
            </gmd:CI_Citation>
          </gmd:thesaurusName>
        </gmd:MD_Keywords>
      </gmd:descriptiveKeywords>
      <gmd:descriptiveKeywords xmlns:xlink="http://www.w3.org/1999/xlink">
        <gmd:MD_Keywords xmlns:skos="http://www.w3.org/2004/02/skos/core#" xmlns:xsi="http://www.w3.org/2001/XMLSchema-instance">
          <gmd:keyword xsi:type="gmd:PT_FreeText_PropertyType">
            <gmd:PT_FreeText>
              <gmd:textGroup>
                <gmd:LocalisedCharacterString locale="#EN">cableway</gmd:LocalisedCharacterString>
              </gmd:textGroup>
              <gmd:textGroup>
                <gmd:LocalisedCharacterString locale="#DE">Seilbahn</gmd:LocalisedCharacterString>
              </gmd:textGroup>
              <gmd:textGroup>
                <gmd:LocalisedCharacterString locale="#FR">Téléphérique</gmd:LocalisedCharacterString>
              </gmd:textGroup>
              <gmd:textGroup>
                <gmd:LocalisedCharacterString locale="#IT">teleferica</gmd:LocalisedCharacterString>
              </gmd:textGroup>
            </gmd:PT_FreeText>
          </gmd:keyword>
          <gmd:thesaurusName>
            <gmd:CI_Citation>
              <gmd:title>
                <gco:CharacterString>local._none_.geocat.ch</gco:CharacterString>
              </gmd:title>
              <gmd:date gco:nilReason="missing" />
            </gmd:CI_Citation>
          </gmd:thesaurusName>
        </gmd:MD_Keywords>
      </gmd:descriptiveKeywords>
      <gmd:descriptiveKeywords xmlns:xlink="http://www.w3.org/1999/xlink" xlink:show="embed">
        <gmd:MD_Keywords xmlns:skos="http://www.w3.org/2004/02/skos/core#" xmlns:xsi="http://www.w3.org/2001/XMLSchema-instance">
          <gmd:keyword xsi:type="gmd:PT_FreeText_PropertyType">
            <gmd:PT_FreeText>
              <gmd:textGroup>
                <gmd:LocalisedCharacterString locale="#EN">hiking trail</gmd:LocalisedCharacterString>
              </gmd:textGroup>
              <gmd:textGroup>
                <gmd:LocalisedCharacterString locale="#IT">sentiero escursionistico</gmd:LocalisedCharacterString>
              </gmd:textGroup>
              <gmd:textGroup>
                <gmd:LocalisedCharacterString locale="#DE">Wanderweg</gmd:LocalisedCharacterString>
              </gmd:textGroup>
              <gmd:textGroup>
                <gmd:LocalisedCharacterString locale="#FR">sentier de randonnée</gmd:LocalisedCharacterString>
              </gmd:textGroup>
            </gmd:PT_FreeText>
          </gmd:keyword>
          <gmd:thesaurusName>
            <gmd:CI_Citation>
              <gmd:title>
                <gco:CharacterString>external._none_.gemet</gco:CharacterString>
              </gmd:title>
              <gmd:date gco:nilReason="missing" />
            </gmd:CI_Citation>
          </gmd:thesaurusName>
        </gmd:MD_Keywords>
      </gmd:descriptiveKeywords>
      <gmd:spatialRepresentationType>
        <gmd:MD_SpatialRepresentationTypeCode codeList="http://www.isotc211.org/2005/resources/codeList.xml#MD_SpatialRepresentationTypeCode" codeListValue="paperMap" />
      </gmd:spatialRepresentationType>
      <gmd:spatialResolution>
        <gmd:MD_Resolution>
          <gmd:equivalentScale>
            <gmd:MD_RepresentativeFraction>
              <gmd:denominator>
                <gco:Integer>50000</gco:Integer>
              </gmd:denominator>
            </gmd:MD_RepresentativeFraction>
          </gmd:equivalentScale>
        </gmd:MD_Resolution>
      </gmd:spatialResolution>
      <gmd:language>
        <gco:CharacterString>deu</gco:CharacterString>
      </gmd:language>
      <gmd:language>
        <gco:CharacterString>fra</gco:CharacterString>
      </gmd:language>
      <gmd:language>
        <gco:CharacterString>ita</gco:CharacterString>
      </gmd:language>
      <gmd:language>
        <gco:CharacterString>eng</gco:CharacterString>
      </gmd:language>
      <gmd:characterSet>
        <gmd:MD_CharacterSetCode codeList="http://www.isotc211.org/2005/resources/codeList.xml#MD_CharacterSetCode" codeListValue="utf8" />
      </gmd:characterSet>
      <gmd:topicCategory>
        <gmd:MD_TopicCategoryCode>inlandWaters</gmd:MD_TopicCategoryCode>
      </gmd:topicCategory>
      <gmd:topicCategory>
        <gmd:MD_TopicCategoryCode>elevation</gmd:MD_TopicCategoryCode>
      </gmd:topicCategory>
      <gmd:topicCategory>
        <gmd:MD_TopicCategoryCode>imageryBaseMapsEarthCover</gmd:MD_TopicCategoryCode>
      </gmd:topicCategory>
      <gmd:topicCategory>
        <gmd:MD_TopicCategoryCode>location</gmd:MD_TopicCategoryCode>
      </gmd:topicCategory>
      <gmd:topicCategory>
        <gmd:MD_TopicCategoryCode>transportation</gmd:MD_TopicCategoryCode>
      </gmd:topicCategory>
      <gmd:extent xmlns:xlink="http://www.w3.org/1999/xlink">
        <gmd:EX_Extent>
          <gmd:description xmlns:xsi="http://www.w3.org/2001/XMLSchema-instance" xsi:type="gmd:PT_FreeText_PropertyType">
            <gmd:PT_FreeText>
              <gmd:textGroup>
                <gmd:LocalisedCharacterString locale="#DE">Landeskarte 1:50'000</gmd:LocalisedCharacterString>
              </gmd:textGroup>
              <gmd:textGroup>
                <gmd:LocalisedCharacterString locale="#FR">Carte nationale 1:50'000</gmd:LocalisedCharacterString>
              </gmd:textGroup>
              <gmd:textGroup>
                <gmd:LocalisedCharacterString locale="#IT">Carta nazionale 1:50'000</gmd:LocalisedCharacterString>
              </gmd:textGroup>
              <gmd:textGroup>
                <gmd:LocalisedCharacterString locale="#EN">National Map 1:50'000</gmd:LocalisedCharacterString>
              </gmd:textGroup>
              <gmd:textGroup>
                <gmd:LocalisedCharacterString locale="#RM">Landeskarte 1:50'000</gmd:LocalisedCharacterString>
              </gmd:textGroup>
            </gmd:PT_FreeText>
          </gmd:description>
          <gmd:geographicElement>
            <gmd:EX_GeographicDescription>
              <gmd:geographicIdentifier>
                <gmd:MD_Identifier>
                  <gmd:code xmlns:xsi="http://www.w3.org/2001/XMLSchema-instance" xsi:type="gmd:PT_FreeText_PropertyType">
                    <gmd:PT_FreeText>
                      <gmd:textGroup>
                        <gmd:LocalisedCharacterString locale="#DE">LK50</gmd:LocalisedCharacterString>
                      </gmd:textGroup>
                      <gmd:textGroup>
                        <gmd:LocalisedCharacterString locale="#FR">CN50</gmd:LocalisedCharacterString>
                      </gmd:textGroup>
                      <gmd:textGroup>
                        <gmd:LocalisedCharacterString locale="#IT">CN50</gmd:LocalisedCharacterString>
                      </gmd:textGroup>
                      <gmd:textGroup>
                        <gmd:LocalisedCharacterString locale="#EN">NM50</gmd:LocalisedCharacterString>
                      </gmd:textGroup>
                      <gmd:textGroup>
                        <gmd:LocalisedCharacterString locale="#RM">CN50</gmd:LocalisedCharacterString>
                      </gmd:textGroup>
                    </gmd:PT_FreeText>
                  </gmd:code>
                </gmd:MD_Identifier>
              </gmd:geographicIdentifier>
            </gmd:EX_GeographicDescription>
          </gmd:geographicElement>
          <gmd:geographicElement>
            <gmd:EX_BoundingPolygon>
              <gmd:extentTypeCode>
                <gco:Boolean>1</gco:Boolean>
              </gmd:extentTypeCode>
              <gmd:polygon>
                <gml:MultiSurface gml:id="N0aeabf34118146aebbc0dd320f5b0479">
                  <gml:surfaceMember>
                    <gml:Polygon gml:id="N5dab936af7c64e31899bd4bda8a135f6">
                      <gml:exterior>
                        <gml:LinearRing>
                          <gml:posList>9.492 45.691 8.594 45.704 8.603 46.135 8.15 46.139 8.145 45.707 6.797 45.708 6.792 46.14 5.886 46.131 5.867 46.778 6.325 46.784 6.316 47.215 6.779 47.219 6.773 47.651 8.171 47.65 8.174 47.866 9.576 47.849 9.568 47.633 10.033 47.624 10.012 47.192 10.474 47.181 10.461 46.965 10.921 46.952 10.893 46.521 10.437 46.534 10.414 46.102 9.509 46.123 9.492 45.691</gml:posList>
                        </gml:LinearRing>
                      </gml:exterior>
                    </gml:Polygon>
                  </gml:surfaceMember>
                </gml:MultiSurface>
              </gmd:polygon>
            </gmd:EX_BoundingPolygon>
          </gmd:geographicElement>
          <gmd:geographicElement>
            <gmd:EX_GeographicBoundingBox>
              <gmd:extentTypeCode>
                <gco:Boolean>1</gco:Boolean>
              </gmd:extentTypeCode>
              <gmd:westBoundLongitude>
                <gco:Decimal>5.867</gco:Decimal>
              </gmd:westBoundLongitude>
              <gmd:eastBoundLongitude>
                <gco:Decimal>10.921</gco:Decimal>
              </gmd:eastBoundLongitude>
              <gmd:southBoundLatitude>
                <gco:Decimal>45.691</gco:Decimal>
              </gmd:southBoundLatitude>
              <gmd:northBoundLatitude>
                <gco:Decimal>47.866</gco:Decimal>
              </gmd:northBoundLatitude>
            </gmd:EX_GeographicBoundingBox>
          </gmd:geographicElement>
        </gmd:EX_Extent>
      </gmd:extent>
    </gmd:MD_DataIdentification>
  </gmd:identificationInfo>
  <gmd:distributionInfo xmlns:comp="http://www.geocat.ch/2003/05/gateway/GM03Comprehensive" xmlns:xalan="http://xml.apache.org/xalan" xmlns:che="http://www.geocat.ch/2008/che" xmlns:srv="http://www.isotc211.org/2005/srv" xmlns:gco="http://www.isotc211.org/2005/gco" xmlns:gml="http://www.opengis.net/gml" xmlns:geonet="http://www.fao.org/geonetwork">
    <gmd:MD_Distribution>
      <gmd:distributor>
        <gmd:MD_Distributor>
          <gmd:distributorContact xmlns:xlink="http://www.w3.org/1999/xlink">
            <gmd:CI_ResponsibleParty>
              <gmd:organisationName xmlns:xsi="http://www.w3.org/2001/XMLSchema-instance" xsi:type="gmd:PT_FreeText_PropertyType">
                <gmd:PT_FreeText>
                  <gmd:textGroup>
                    <gmd:LocalisedCharacterString locale="#DE">Bundesamt für Landestopografie</gmd:LocalisedCharacterString>
                  </gmd:textGroup>
                  <gmd:textGroup>
                    <gmd:LocalisedCharacterString locale="#FR">Office fédéral de topographie</gmd:LocalisedCharacterString>
                  </gmd:textGroup>
                  <gmd:textGroup>
                    <gmd:LocalisedCharacterString locale="#IT">Ufficio federale di topografia</gmd:LocalisedCharacterString>
                  </gmd:textGroup>
                  <gmd:textGroup>
                    <gmd:LocalisedCharacterString locale="#EN">Federal Office of Topography</gmd:LocalisedCharacterString>
                  </gmd:textGroup>
                </gmd:PT_FreeText>
              </gmd:organisationName>
              <gmd:positionName xmlns:xsi="http://www.w3.org/2001/XMLSchema-instance" xsi:type="gmd:PT_FreeText_PropertyType">
                <gmd:PT_FreeText>
                  <gmd:textGroup>
                    <gmd:LocalisedCharacterString locale="#DE">Verkauf Verlagsprodukte</gmd:LocalisedCharacterString>
                  </gmd:textGroup>
                  <gmd:textGroup>
                    <gmd:LocalisedCharacterString locale="#FR">Vente de produits d'édition</gmd:LocalisedCharacterString>
                  </gmd:textGroup>
                  <gmd:textGroup>
                    <gmd:LocalisedCharacterString locale="#IT">Vendita di prodotti editoriali</gmd:LocalisedCharacterString>
                  </gmd:textGroup>
                  <gmd:textGroup>
                    <gmd:LocalisedCharacterString locale="#EN">Map sales</gmd:LocalisedCharacterString>
                  </gmd:textGroup>
                </gmd:PT_FreeText>
              </gmd:positionName>
              <gmd:contactInfo xmlns:xsi="http://www.w3.org/2001/XMLSchema-instance">
                <gmd:CI_Contact>
                  <gmd:phone>
                    <gmd:CI_Telephone>
                      <gmd:voice>
                        <gco:CharacterString>+41 31 963 21 11</gco:CharacterString>
                      </gmd:voice>
                      <gmd:facsimile>
                        <gco:CharacterString>+41 31 963 24 59</gco:CharacterString>
                      </gmd:facsimile>
                    </gmd:CI_Telephone>
                  </gmd:phone>
                  <gmd:address>
                    <gmd:CI_Address>
                      <gmd:city>
                        <gco:CharacterString>Wabern</gco:CharacterString>
                      </gmd:city>
                      <gmd:postalCode>
                        <gco:CharacterString>3084</gco:CharacterString>
                      </gmd:postalCode>
                      <gmd:country xsi:type="gmd:PT_FreeText_PropertyType">
                        <gco:CharacterString>CH</gco:CharacterString>
                      </gmd:country>
                      <gmd:electronicMailAddress>
                        <gco:CharacterString>mapsales@swisstopo.ch</gco:CharacterString>
                      </gmd:electronicMailAddress>
                    </gmd:CI_Address>
                  </gmd:address>
                  <gmd:onlineResource>
                    <gmd:CI_OnlineResource>
                      <gmd:linkage />
                      <gmd:protocol>
                        <gco:CharacterString>text/html</gco:CharacterString>
                      </gmd:protocol>
                      <gmd:name xsi:type="gmd:PT_FreeText_PropertyType">
                        <gmd:PT_FreeText>
                          <gmd:textGroup>
                            <gmd:LocalisedCharacterString locale="#EN" />
                          </gmd:textGroup>
                        </gmd:PT_FreeText>
                      </gmd:name>
                      <gmd:description xsi:type="gmd:PT_FreeText_PropertyType">
                        <gmd:PT_FreeText>
                          <gmd:textGroup>
                            <gmd:LocalisedCharacterString locale="#EN" />
                          </gmd:textGroup>
                        </gmd:PT_FreeText>
                      </gmd:description>
                    </gmd:CI_OnlineResource>
                  </gmd:onlineResource>
                  <gmd:hoursOfService>
                    <gco:CharacterString>07h45 - 11h45 / 13h30 - 17h00</gco:CharacterString>
                  </gmd:hoursOfService>
                </gmd:CI_Contact>
              </gmd:contactInfo>
              <gmd:role xmlns:xsi="http://www.w3.org/2001/XMLSchema-instance">
                <gmd:CI_RoleCode codeListValue="distributor" codeList="http://www.isotc211.org/2005/resources/codeList.xml#CI_RoleCode" />
              </gmd:role>
            </gmd:CI_ResponsibleParty>
          </gmd:distributorContact>
          <gmd:distributorFormat xmlns:xlink="http://www.w3.org/1999/xlink">
            <gmd:MD_Format>
              <gmd:name>
                <gco:CharacterString>N/A</gco:CharacterString>
              </gmd:name>
              <gmd:version>
                <gco:CharacterString>N/A</gco:CharacterString>
              </gmd:version>
            </gmd:MD_Format>
          </gmd:distributorFormat>
        </gmd:MD_Distributor>
      </gmd:distributor>
      <gmd:transferOptions>
        <gmd:MD_DigitalTransferOptions>
          <gmd:onLine>
            <gmd:CI_OnlineResource>
              <gmd:linkage xmlns:xsi="http://www.w3.org/2001/XMLSchema-instance" />
              <gmd:protocol>
                <gco:CharacterString>WWW:LINK-1.0-http--link</gco:CharacterString>
              </gmd:protocol>
              <gmd:name gco:nilReason="missing">
                <gco:CharacterString />
              </gmd:name>
              <gmd:description xmlns:xsi="http://www.w3.org/2001/XMLSchema-instance" xsi:type="gmd:PT_FreeText_PropertyType">
                <gmd:PT_FreeText xmlns:xlink="http://www.w3.org/1999/xlink" xmlns:gmx="http://www.isotc211.org/2005/gmx" xmlns:gts="http://www.isotc211.org/2005/gts">
                  <gmd:textGroup>
                    <gmd:LocalisedCharacterString locale="#DE">Produktinformation</gmd:LocalisedCharacterString>
                  </gmd:textGroup>
                  <gmd:textGroup>
                    <gmd:LocalisedCharacterString locale="#FR">Information du produit</gmd:LocalisedCharacterString>
                  </gmd:textGroup>
                  <gmd:textGroup>
                    <gmd:LocalisedCharacterString locale="#EN">Product information</gmd:LocalisedCharacterString>
                  </gmd:textGroup>
                  <gmd:textGroup>
                    <gmd:LocalisedCharacterString locale="#IT">Informazioni sul prodotto</gmd:LocalisedCharacterString>
                  </gmd:textGroup>
                </gmd:PT_FreeText>
              </gmd:description>
            </gmd:CI_OnlineResource>
          </gmd:onLine>
          <gmd:onLine>
            <gmd:CI_OnlineResource>
              <gmd:linkage xmlns:xsi="http://www.w3.org/2001/XMLSchema-instance" />
              <gmd:protocol>
                <gco:CharacterString>WWW:LINK-1.0-http--link</gco:CharacterString>
              </gmd:protocol>
              <gmd:description xmlns:xsi="http://www.w3.org/2001/XMLSchema-instance" xsi:type="gmd:PT_FreeText_PropertyType">
                <gmd:PT_FreeText xmlns:xlink="http://www.w3.org/1999/xlink" xmlns:gmx="http://www.isotc211.org/2005/gmx" xmlns:gts="http://www.isotc211.org/2005/gts">
                  <gmd:textGroup>
                    <gmd:LocalisedCharacterString locale="#DE">toposhop</gmd:LocalisedCharacterString>
                  </gmd:textGroup>
                  <gmd:textGroup>
                    <gmd:LocalisedCharacterString locale="#FR">toposhop</gmd:LocalisedCharacterString>
                  </gmd:textGroup>
                  <gmd:textGroup>
                    <gmd:LocalisedCharacterString locale="#EN">toposhop</gmd:LocalisedCharacterString>
                  </gmd:textGroup>
                  <gmd:textGroup>
                    <gmd:LocalisedCharacterString locale="#IT">toposhop</gmd:LocalisedCharacterString>
                  </gmd:textGroup>
                </gmd:PT_FreeText>
              </gmd:description>
            </gmd:CI_OnlineResource>
          </gmd:onLine>
        </gmd:MD_DigitalTransferOptions>
      </gmd:transferOptions>
    </gmd:MD_Distribution>
  </gmd:distributionInfo>
  <gmd:dataQualityInfo xmlns:comp="http://www.geocat.ch/2003/05/gateway/GM03Comprehensive" xmlns:xalan="http://xml.apache.org/xalan" xmlns:gmi="http://www.isotc211.org/2005/gmi" xmlns:che="http://www.geocat.ch/2008/che" xmlns:srv="http://www.isotc211.org/2005/srv" xmlns:gco="http://www.isotc211.org/2005/gco" xmlns:gml="http://www.opengis.net/gml" xmlns:geonet="http://www.fao.org/geonetwork">
    <gmd:DQ_DataQuality>
      <gmd:scope>
        <gmd:DQ_Scope>
          <gmd:level>
            <gmd:MD_ScopeCode codeList="http://www.isotc211.org/2005/resources/codeList.xml#MD_ScopeCode" codeListValue="dataset" />
          </gmd:level>
        </gmd:DQ_Scope>
      </gmd:scope>
      <gmd:lineage>
        <gmd:LI_Lineage>
          <gmd:statement xmlns:xsi="http://www.w3.org/2001/XMLSchema-instance" xsi:type="gmd:PT_FreeText_PropertyType">
            <gmd:PT_FreeText xmlns:xlink="http://www.w3.org/1999/xlink" xmlns:gmx="http://www.isotc211.org/2005/gmx" xmlns:gts="http://www.isotc211.org/2005/gts">
              <gmd:textGroup>
                <gmd:LocalisedCharacterString locale="#DE">Basiert auf der Landeskarte 1:50'000</gmd:LocalisedCharacterString>
              </gmd:textGroup>
              <gmd:textGroup>
                <gmd:LocalisedCharacterString locale="#FR">Se base sur la carte nationale 1:50'000</gmd:LocalisedCharacterString>
              </gmd:textGroup>
              <gmd:textGroup>
                <gmd:LocalisedCharacterString locale="#EN">Based on the national map 1:50'000</gmd:LocalisedCharacterString>
              </gmd:textGroup>
            </gmd:PT_FreeText>
          </gmd:statement>
        </gmd:LI_Lineage>
      </gmd:lineage>
    </gmd:DQ_DataQuality>
  </gmd:dataQualityInfo>
</gmd:MD_Metadata>