<?xml version="1.0" encoding="UTF-8"?>
<mdb:MD_Metadata xmlns:mdb="http://standards.iso.org/iso/19115/-3/mdb/2.0" xmlns:cat="http://standards.iso.org/iso/19115/-3/cat/1.0" xmlns:gfc="http://standards.iso.org/iso/19110/gfc/1.1" xmlns:cit="http://standards.iso.org/iso/19115/-3/cit/2.0" xmlns:gcx="http://standards.iso.org/iso/19115/-3/gcx/1.0" xmlns:gex="http://standards.iso.org/iso/19115/-3/gex/1.0" xmlns:lan="http://standards.iso.org/iso/19115/-3/lan/1.0" xmlns:srv="http://standards.iso.org/iso/19115/-3/srv/2.1" xmlns:mas="http://standards.iso.org/iso/19115/-3/mas/1.0" xmlns:mcc="http://standards.iso.org/iso/19115/-3/mcc/1.0" xmlns:mco="http://standards.iso.org/iso/19115/-3/mco/1.0" xmlns:mda="http://standards.iso.org/iso/19115/-3/mda/1.0" xmlns:mds="http://standards.iso.org/iso/19115/-3/mds/2.0" xmlns:mdt="http://standards.iso.org/iso/19115/-3/mdt/2.0" xmlns:mex="http://standards.iso.org/iso/19115/-3/mex/1.0" xmlns:mmi="http://standards.iso.org/iso/19115/-3/mmi/1.0" xmlns:mpc="http://standards.iso.org/iso/19115/-3/mpc/1.0" xmlns:mrc="http://standards.iso.org/iso/19115/-3/mrc/2.0" xmlns:mrd="http://standards.iso.org/iso/19115/-3/mrd/1.0" xmlns:mri="http://standards.iso.org/iso/19115/-3/mri/1.0" xmlns:mrl="http://standards.iso.org/iso/19115/-3/mrl/2.0" xmlns:mrs="http://standards.iso.org/iso/19115/-3/mrs/1.0" xmlns:msr="http://standards.iso.org/iso/19115/-3/msr/2.0" xmlns:mdq="http://standards.iso.org/iso/19157/-2/mdq/1.0" xmlns:mac="http://standards.iso.org/iso/19115/-3/mac/2.0" xmlns:gco="http://standards.iso.org/iso/19115/-3/gco/1.0" xmlns:gml="http://www.opengis.net/gml/3.2" xmlns:xlink="http://www.w3.org/1999/xlink" xmlns:geonet="http://www.fao.org/geonetwork" xmlns:xsi="http://www.w3.org/2001/XMLSchema-instance">
  <mdb:metadataIdentifier>
    <mcc:MD_Identifier>
      <mcc:code>
        <gco:CharacterString>0dbac056-cd5a-4c9c-bbec-564e47c4507c</gco:CharacterString>
      </mcc:code>
      <mcc:codeSpace>
        <gco:CharacterString>urn:uuid</gco:CharacterString>
      </mcc:codeSpace>
    </mcc:MD_Identifier>
  </mdb:metadataIdentifier>
  <mdb:defaultLocale>
    <lan:PT_Locale id="EN">
      <lan:language>
        <lan:LanguageCode codeList="http://www.loc.gov/standards/iso639-2/" codeListValue="eng" />
      </lan:language>
      <lan:characterEncoding>
        <lan:MD_CharacterSetCode codeList="http://standards.iso.org/iso/19139/resources/gmxCodelists.xml#MD_CharacterSetCode" codeListValue="utf8" />
      </lan:characterEncoding>
    </lan:PT_Locale>
  </mdb:defaultLocale>
  <mdb:metadataScope>
    <mdb:MD_MetadataScope>
      <mdb:resourceScope>
        <mcc:MD_ScopeCode codeList="http://standards.iso.org/iso/19139/resources/gmxCodelists.xml#MD_ScopeCode" codeListValue="service" />
      </mdb:resourceScope>
      <mdb:name>
        <gco:CharacterString>Service</gco:CharacterString>
      </mdb:name>
    </mdb:MD_MetadataScope>
  </mdb:metadataScope>
  <mdb:contact>
    <cit:CI_Responsibility>
      <cit:role>
        <cit:CI_RoleCode codeList="http://standards.iso.org/iso/19139/resources/gmxCodelists.xml#CI_RoleCode" codeListValue="pointOfContact" />
      </cit:role>
      <cit:party>
        <cit:CI_Organisation>
          <cit:name>
            <gco:CharacterString>Metadata point of contact</gco:CharacterString>
          </cit:name>
          <cit:contactInfo>
            <cit:CI_Contact>
              <cit:address>
                <cit:CI_Address>
                  <cit:electronicMailAddress>
                    <gco:CharacterString>helpdesk@my.org</gco:CharacterString>
                  </cit:electronicMailAddress>
                </cit:CI_Address>
              </cit:address>
            </cit:CI_Contact>
          </cit:contactInfo>
        </cit:CI_Organisation>
      </cit:party>
    </cit:CI_Responsibility>
  </mdb:contact>
  <mdb:dateInfo>
    <cit:CI_Date>
      <cit:date>
        <gco:DateTime>2019-12-09T16:45:52</gco:DateTime>
      </cit:date>
      <cit:dateType>
        <cit:CI_DateTypeCode codeList="http://standards.iso.org/iso/19139/resources/gmxCodelists.xml#CI_DateTypeCode" codeListValue="revision" />
      </cit:dateType>
    </cit:CI_Date>
  </mdb:dateInfo>
  <mdb:dateInfo>
    <cit:CI_Date>
      <cit:date>
        <gco:DateTime>2019-04-02T12:31:35</gco:DateTime>
      </cit:date>
      <cit:dateType>
        <cit:CI_DateTypeCode codeList="https://standards.iso.org/iso/19115/resources/Codelists/cat/codelists.xml#CI_DateTypeCode" codeListValue="creation" />
      </cit:dateType>
    </cit:CI_Date>
  </mdb:dateInfo>
  <mdb:metadataStandard>
    <cit:CI_Citation>
      <cit:title>
        <gco:CharacterString>ISO 19115-3</gco:CharacterString>
      </cit:title>
    </cit:CI_Citation>
  </mdb:metadataStandard>
  <mdb:identificationInfo>
    <srv:SV_ServiceIdentification>
      <mri:citation>
        <cit:CI_Citation>
          <cit:title>
            <gco:CharacterString>Discovery service for my catalogue (Sample record, please remove!)</gco:CharacterString>
          </cit:title>
          <cit:date>
            <cit:CI_Date>
              <cit:date>
                <gco:Date>2015-01-30</gco:Date>
              </cit:date>
              <cit:dateType>
                <cit:CI_DateTypeCode codeList="http://standards.iso.org/iso/19139/resources/gmxCodelists.xml#CI_DateTypeCode" codeListValue="publication" />
              </cit:dateType>
            </cit:CI_Date>
          </cit:date>
          <cit:date>
            <cit:CI_Date>
              <cit:date>
                <gco:Date>2015-05-05</gco:Date>
              </cit:date>
              <cit:dateType>
                <cit:CI_DateTypeCode codeList="http://standards.iso.org/iso/19139/resources/gmxCodelists.xml#CI_DateTypeCode" codeListValue="revision" />
              </cit:dateType>
            </cit:CI_Date>
          </cit:date>
        </cit:CI_Citation>
      </mri:citation>
      <mri:abstract>
        <gco:CharacterString>
-- Customize this sample record to describe the CSW service of your catalogue --. 

See https://geonetwork-opensource.org/manuals/trunk/en/administrator-guide/configuring-the-catalog/csw-configuration.html?highlight=csw.

Access datasets, maps and services from my organisation using the OGC CSW standards.

This catalogue contains descriptions of GIS resources on the ... region produced and/or maintained by ....</gco:CharacterString>
      </mri:abstract>
      <mri:pointOfContact>
        <cit:CI_Responsibility>
          <cit:role>
            <cit:CI_RoleCode codeList="http://standards.iso.org/iso/19139/resources/gmxCodelists.xml#CI_RoleCode" codeListValue="pointOfContact" />
          </cit:role>
          <cit:party>
            <cit:CI_Organisation>
              <cit:name>
                <gco:CharacterString>Geo Helpdesk</gco:CharacterString>
              </cit:name>
              <cit:contactInfo>
                <cit:CI_Contact>
                  <cit:address>
                    <cit:CI_Address>
                      <cit:electronicMailAddress>
                        <gco:CharacterString>helpdesk@my.org</gco:CharacterString>
                      </cit:electronicMailAddress>
                    </cit:CI_Address>
                  </cit:address>
                </cit:CI_Contact>
              </cit:contactInfo>
            </cit:CI_Organisation>
          </cit:party>
        </cit:CI_Responsibility>
      </mri:pointOfContact>
      <mri:extent>
        <gex:EX_Extent>
          <gex:description>
            <gco:CharacterString>...</gco:CharacterString>
          </gex:description>
          <gex:geographicElement>
            <gex:EX_GeographicBoundingBox>
              <gex:westBoundLongitude>
                <gco:Decimal>2.75</gco:Decimal>
              </gex:westBoundLongitude>
              <gex:eastBoundLongitude>
                <gco:Decimal>6.50</gco:Decimal>
              </gex:eastBoundLongitude>
              <gex:southBoundLatitude>
                <gco:Decimal>49.45</gco:Decimal>
              </gex:southBoundLatitude>
              <gex:northBoundLatitude>
                <gco:Decimal>50.85</gco:Decimal>
              </gex:northBoundLatitude>
            </gex:EX_GeographicBoundingBox>
          </gex:geographicElement>
        </gex:EX_Extent>
      </mri:extent>
      <mri:descriptiveKeywords>
        <mri:MD_Keywords>
          <mri:keyword>
            <gco:CharacterString>infoCatalogueService</gco:CharacterString>
          </mri:keyword>
          <mri:type>
            <mri:MD_KeywordTypeCode codeList="http://standards.iso.org/iso/19139/resources/gmxCodelists.xml#MD_KeywordTypeCode" codeListValue="theme" />
          </mri:type>
          <mri:thesaurusName>
            <cit:CI_Citation>
              <cit:title>
                <gcx:Anchor xlink:href="http://geonetwork-opensource.org/inspire-theme#">INSPIRE Service taxonomy</gcx:Anchor>
              </cit:title>
              <cit:date>
                <cit:CI_Date>
                  <cit:date>
                    <gco:Date>2010-04-22</gco:Date>
                  </cit:date>
                  <cit:dateType>
                    <cit:CI_DateTypeCode codeList="http://standards.iso.org/iso/19139/resources/gmxCodelists.xml#CI_DateTypeCode" codeListValue="publication" />
                  </cit:dateType>
                </cit:CI_Date>
              </cit:date>
              <cit:identifier>
                <mcc:MD_Identifier>
                  <mcc:code>
                    <gcx:Anchor xlink:href="http://localhost:8080/geonetwork/srv/eng/thesaurus.download?ref=external.theme.inspire-service-taxonomy">geonetwork.thesaurus.external.theme.inspire-service-taxonomy</gcx:Anchor>
                  </mcc:code>
                </mcc:MD_Identifier>
              </cit:identifier>
            </cit:CI_Citation>
          </mri:thesaurusName>
        </mri:MD_Keywords>
      </mri:descriptiveKeywords>
      <mri:descriptiveKeywords>
        <mri:MD_Keywords>
          <mri:keyword>
		  <gcx:Anchor xlink:href="http://inspire.ec.europa.eu/theme/hh">Human health and safety</gcx:Anchor>
	       </mri:keyword>
	       <mri:keyword>
		  <gcx:Anchor xlink:href="http://inspire.ec.europa.eu/theme/ps">Protected sites</gcx:Anchor>
	       </mri:keyword>
	       <mri:type>
		  <mri:MD_KeywordTypeCode codeList="http://standards.iso.org/iso/19139/resources/gmxCodelists.xml#MD_KeywordTypeCode"
		                          codeListValue="theme"/>
	       </mri:type>
	       <mri:thesaurusName>
		  <cit:CI_Citation>
		     <cit:title>
		        <gcx:Anchor xlink:href="http://inspire.ec.europa.eu/theme#">GEMET - INSPIRE themes, version 1.0</gcx:Anchor>
		     </cit:title>
		     <cit:date>
		        <cit:CI_Date>
		           <cit:date>
		              <gco:Date>2008-06-01</gco:Date>
		           </cit:date>
		           <cit:dateType>
		              <cit:CI_DateTypeCode codeList="http://standards.iso.org/iso/19139/resources/gmxCodelists.xml#CI_DateTypeCode"
		                                   codeListValue="publication"/>
		           </cit:dateType>
		        </cit:CI_Date>
		     </cit:date>
		     <cit:identifier>
		        <mcc:MD_Identifier>
		           <mcc:code>
		              <gcx:Anchor xlink:href="http://localhost:8080/geonetwork/srv/eng/thesaurus.download?ref=external.theme.httpinspireeceuropaeutheme-theme">geonetwork.thesaurus.external.theme.httpinspireeceuropaeutheme-theme</gcx:Anchor>
		           </mcc:code>
		        </mcc:MD_Identifier>
		     </cit:identifier>
		  </cit:CI_Citation>
	       </mri:thesaurusName>
        </mri:MD_Keywords>
      </mri:descriptiveKeywords>
      <mri:descriptiveKeywords>
        <mri:MD_Keywords>
          <mri:keyword>
            <gcx:Anchor xlink:href="http://inspire.ec.europa.eu/metadata-codelist/SpatialScope/regional">Regional</gcx:Anchor>
          </mri:keyword>
          <mri:type>
            <mri:MD_KeywordTypeCode codeList="http://standards.iso.org/iso/19139/resources/gmxCodelists.xml#MD_KeywordTypeCode" codeListValue="theme" />
          </mri:type>
          <mri:thesaurusName>
            <cit:CI_Citation>
              <cit:title>
                <gcx:Anchor xlink:href="http://inspire.ec.europa.eu/metadata-codelist/SpatialScope#">Spatial scope</gcx:Anchor>
              </cit:title>
              <cit:date>
                <cit:CI_Date>
                  <cit:date>
                    <gco:Date>2019-07-02</gco:Date>
                  </cit:date>
                  <cit:dateType>
                    <cit:CI_DateTypeCode codeList="http://standards.iso.org/iso/19139/resources/gmxCodelists.xml#CI_DateTypeCode" codeListValue="publication" />
                  </cit:dateType>
                </cit:CI_Date>
              </cit:date>
              <cit:identifier>
                <mcc:MD_Identifier>
                  <mcc:code>
                    <gcx:Anchor xlink:href="http://localhost:8080/geonetwork/srv/eng/thesaurus.download?ref=external.theme.httpinspireeceuropaeumetadatacodelistSpatialScope-SpatialScope">geonetwork.thesaurus.external.theme.httpinspireeceuropaeumetadatacodelistSpatialScope-SpatialScope</gcx:Anchor>
                  </mcc:code>
                </mcc:MD_Identifier>
              </cit:identifier>
            </cit:CI_Citation>
          </mri:thesaurusName>
        </mri:MD_Keywords>
      </mri:descriptiveKeywords>
      <mri:resourceConstraints>
        <mco:MD_LegalConstraints>
          <mco:accessConstraints>
            <mco:MD_RestrictionCode codeList="http://standards.iso.org/iso/19139/resources/gmxCodelists.xml#MD_RestrictionCode" codeListValue="otherRestrictions" />
          </mco:accessConstraints>
          <mco:otherConstraints>
            <gcx:Anchor xlink:href="http://inspire.ec.europa.eu/metadata-codelist/LimitationsOnPublicAccess/noLimitations">No limitations to public access</gcx:Anchor>
          </mco:otherConstraints>
        </mco:MD_LegalConstraints>
      </mri:resourceConstraints>
      <mri:resourceConstraints>
        <mco:MD_LegalConstraints>
          <mco:useLimitation>
            <gco:CharacterString>Specific use limitation</gco:CharacterString>
          </mco:useLimitation>
          <mco:useConstraints>
            <mco:MD_RestrictionCode codeList="http://standards.iso.org/iso/19139/resources/gmxCodelists.xml#MD_RestrictionCode" codeListValue="otherRestrictions" />
          </mco:useConstraints>
          <mco:otherConstraints>
            <gco:CharacterString>Describe here any use limitation.</gco:CharacterString>
          </mco:otherConstraints>
        </mco:MD_LegalConstraints>
      </mri:resourceConstraints>
      <srv:serviceType>
        <gco:LocalName codeSpace="http://inspire.ec.europa.eu/metadata-codelist/SpatialDataServiceType">discovery</gco:LocalName>
      </srv:serviceType>
      <srv:couplingType>
        <srv:SV_CouplingType codeList="http://standards.iso.org/iso/19139/resources/gmxCodelists.xml#SV_CouplingType" codeListValue="loose" />
      </srv:couplingType>
      <srv:containsOperations>
        <srv:SV_OperationMetadata>
          <srv:operationName>
            <gco:CharacterString>GetCapabilities</gco:CharacterString>
          </srv:operationName>
          <srv:distributedComputingPlatform>
            <srv:DCPList codeList="http://standards.iso.org/iso/19139/resources/gmxCodelists.xml#DCPList" codeListValue="webservices" />
          </srv:distributedComputingPlatform>
          <srv:connectPoint>
            <cit:CI_OnlineResource>
              <cit:linkage>
                <gco:CharacterString>http://localhost:8080/geonetwork/srv/eng/csw</gco:CharacterString>
              </cit:linkage>
              <cit:protocol>
                <gco:CharacterString>OGC:CSW</gco:CharacterString>
              </cit:protocol>
            </cit:CI_OnlineResource>
          </srv:connectPoint>
        </srv:SV_OperationMetadata>
      </srv:containsOperations>
    </srv:SV_ServiceIdentification>
  </mdb:identificationInfo>
  <mdb:distributionInfo>
    <mrd:MD_Distribution>
      <mrd:distributor>
        <mrd:MD_Distributor>
          <mrd:distributorContact>
            <cit:CI_Responsibility>
              <cit:role>
                <cit:CI_RoleCode codeList="http://standards.iso.org/iso/19139/resources/gmxCodelists.xml#CI_RoleCode" codeListValue="distributor" />
              </cit:role>
              <cit:party>
                <cit:CI_Organisation>
                  <cit:name>
                    <gco:CharacterString>My organisation</gco:CharacterString>
                  </cit:name>
                  <cit:contactInfo>
                    <cit:CI_Contact>
                      <cit:address>
                        <cit:CI_Address>
                          <cit:electronicMailAddress>
                            <gco:CharacterString>helpdesk@my.org</gco:CharacterString>
                          </cit:electronicMailAddress>
                        </cit:CI_Address>
                      </cit:address>
                    </cit:CI_Contact>
                  </cit:contactInfo>
                </cit:CI_Organisation>
              </cit:party>
            </cit:CI_Responsibility>
          </mrd:distributorContact>
          <mrd:distributionOrderProcess>
            <mrd:MD_StandardOrderProcess>
              <mrd:orderingInstructions>
                <gco:CharacterString>No restriction.</gco:CharacterString>
              </mrd:orderingInstructions>
            </mrd:MD_StandardOrderProcess>
          </mrd:distributionOrderProcess>
        </mrd:MD_Distributor>
      </mrd:distributor>
      <mrd:transferOptions>
        <mrd:MD_DigitalTransferOptions>
          <mrd:onLine>
            <cit:CI_OnlineResource>
              <cit:linkage>
                <gco:CharacterString>http://localhost:8080/geonetwork/srv/eng/csw?SERVICE=CSW&amp;VERSION=2.0.2&amp;REQUEST=GetCapabilities</gco:CharacterString>
              </cit:linkage>
              <cit:protocol>
                <gco:CharacterString>OGC:CSW</gco:CharacterString>
              </cit:protocol>
              <cit:name>
                <gco:CharacterString>CSW service URL</gco:CharacterString>
              </cit:name>
              <cit:description>
                <gco:CharacterString></gco:CharacterString>
              </cit:description>
              <cit:function>
                <cit:CI_OnLineFunctionCode codeList="http://standards.iso.org/iso/19139/resources/gmxCodelists.xml#CI_OnLineFunctionCode" codeListValue="browsing" />
              </cit:function>
            </cit:CI_OnlineResource>
          </mrd:onLine>
        </mrd:MD_DigitalTransferOptions>
      </mrd:transferOptions>
    </mrd:MD_Distribution>
  </mdb:distributionInfo>
  <mdb:dataQualityInfo>
    <mdq:DQ_DataQuality>
      <mdq:scope>
        <mcc:MD_Scope>
          <mcc:level>
            <mcc:MD_ScopeCode codeListValue="service" codeList="http://standards.iso.org/iso/19139/resources/gmxCodelists.xml#MD_ScopeCode" />
          </mcc:level>
          <mcc:levelDescription>
            <mcc:MD_ScopeDescription>
              <mcc:other>
                <gco:CharacterString>Service</gco:CharacterString>
              </mcc:other>
            </mcc:MD_ScopeDescription>
          </mcc:levelDescription>
        </mcc:MD_Scope>
      </mdq:scope>
      <mdq:report>
        <mdq:DQ_DomainConsistency>
          <mdq:result>
            <mdq:DQ_ConformanceResult>
              <mdq:specification xlink:href="http://inspire.ec.europa.eu/id/citation/ir/reg-976-2009">
                <cit:CI_Citation>
                  <cit:title>
                    <gcx:Anchor xlink:href="http://data.europa.eu/eli/reg/2009/976">Commission Regulation (EC) No 976/2009 of 19 October 2009 implementing Directive 2007/2/EC of the European Parliament and of the Council as regards the Network Services</gcx:Anchor>
                  </cit:title>
                  <cit:date>
                    <cit:CI_Date>
                      <cit:date>
                        <gco:Date>2009-10-19</gco:Date>
                      </cit:date>
                      <cit:dateType>
                        <cit:CI_DateTypeCode codeList="http://standards.iso.org/iso/19139/resources/gmxCodelists.xml#CI_DateTypeCode" codeListValue="publication" />
                      </cit:dateType>
                    </cit:CI_Date>
                  </cit:date>
                </cit:CI_Citation>
              </mdq:specification>
              <mdq:explanation>
                <gco:CharacterString>See the referenced specification</gco:CharacterString>
              </mdq:explanation>
              <mdq:pass gco:nilReason="unknown" />
            </mdq:DQ_ConformanceResult>
          </mdq:result>
        </mdq:DQ_DomainConsistency>
      </mdq:report>
      <mdq:report>
        <mdq:DQ_DomainConsistency>
          <mdq:result>
            <mdq:DQ_ConformanceResult>
              <mdq:specification xlink:href="http://inspire.ec.europa.eu/id/citation/ir/reg-1089-2010">
                <cit:CI_Citation>
                  <cit:title>
                    <gcx:Anchor xlink:href="http://data.europa.eu/eli/reg/2010/1089">COMMISSION REGULATION (EU) No 1089/2010 of 23 November 2010 implementing Directive 2007/2/EC of the European Parliament and of the Council as regards interoperability of spatial data sets and services</gcx:Anchor>
                  </cit:title>
                  <cit:date>
                    <cit:CI_Date>
                      <cit:date>
                        <gco:Date>2010-12-08</gco:Date>
                      </cit:date>
                      <cit:dateType>
                        <cit:CI_DateTypeCode codeList="http://standards.iso.org/iso/19139/resources/gmxCodelists.xml#CI_DateTypeCode" codeListValue="publication" />
                      </cit:dateType>
                    </cit:CI_Date>
                  </cit:date>
                </cit:CI_Citation>
              </mdq:specification>
              <mdq:explanation>
                <gco:CharacterString>See the referenced specification</gco:CharacterString>
              </mdq:explanation>
              <mdq:pass>
                <gco:Boolean>true</gco:Boolean>
              </mdq:pass>
            </mdq:DQ_ConformanceResult>
          </mdq:result>
        </mdq:DQ_DomainConsistency>
      </mdq:report>
    </mdq:DQ_DataQuality>
  </mdb:dataQualityInfo>
</mdb:MD_Metadata>
