<?xml version="1.0" encoding="UTF-8"?>
<info version="1.1">
  <general>
    <createDate>2007-12-17T12:00:00</createDate>
    <changeDate>2012-04-27T14:07:46</changeDate>
    <schema>iso19139.che</schema>
    <isTemplate>false</isTemplate>
    <localId>613</localId>
    <format>full</format>
    <rating>0</rating>
    <popularity>7461</popularity>
    <uuid>aee4fe79-a583-46a1-bf46-19ee613ce415</uuid>
    <siteId>7ea582d4-9ddf-422e-b28f-29760a4c0147</siteId>
    <siteName>_geocat.ch direct partners</siteName>
  </general>
  <categories />
  <privileges>
    <group name="swisstopo" groupOwner="true">
      <operation name="view" />
      <operation name="download" />
      <operation name="notify" />
    </group>
  </privileges>
  <public />
  <private />
</info>

