<?xml version="1.0" encoding="UTF-8"?>
<info version="1.1">
  <general>
    <createDate>2010-02-17T13:04:26</createDate>
    <changeDate>2012-05-01T11:07:45</changeDate>
    <schema>iso19139.che</schema>
    <isTemplate>false</isTemplate>
    <localId>112886</localId>
    <format>full</format>
    <rating>0</rating>
    <popularity>4952</popularity>
    <uuid>d5517e5e-1cc0-45d1-8839-54f9da4f5ebe</uuid>
    <siteId>7ea582d4-9ddf-422e-b28f-29760a4c0147</siteId>
    <siteName>_geocat.ch direct partners</siteName>
  </general>
  <categories />
  <privileges>
    <group name="all">
      <operation name="view" />
    </group>
    <group name="geoadmin" groupOwner="true">
      <operation name="view" />
      <operation name="download" />
      <operation name="notify" />
    </group>
  </privileges>
  <public />
  <private />
</info>

