<?xml version="1.0" encoding="UTF-8"?>
<info version="1.1">
  <general>
    <createDate>2008-11-11T12:00:00</createDate>
    <changeDate>2012-04-05T10:14:40</changeDate>
    <schema>iso19139.che</schema>
    <isTemplate>false</isTemplate>
    <localId>553</localId>
    <format>full</format>
    <rating>0</rating>
    <popularity>6696</popularity>
    <uuid>d3b21424-70a4-4984-a693-aa7f11813c53</uuid>
    <siteId>7ea582d4-9ddf-422e-b28f-29760a4c0147</siteId>
    <siteName>_geocat.ch direct partners</siteName>
  </general>
  <categories />
  <privileges>
    <group name="swisstopo" groupOwner="true">
      <operation name="view" />
      <operation name="download" />
    </group>
  </privileges>
  <public />
  <private />
</info>

