<?xml version="1.0" encoding="UTF-8"?>
<info version="1.1">
  <general>
    <createDate>2009-11-13T12:00:00</createDate>
    <changeDate>2010-03-17T13:18:14</changeDate>
    <schema>iso19139.che</schema>
    <isTemplate>false</isTemplate>
    <localId>659</localId>
    <format>full</format>
    <rating>0</rating>
    <popularity>13160</popularity>
    <uuid>44f933c2-e7c3-4975-bca4-ac1dd37c6ad0</uuid>
    <siteId>7ea582d4-9ddf-422e-b28f-29760a4c0147</siteId>
    <siteName>_geocat.ch direct partners</siteName>
  </general>
  <categories />
  <privileges>
    <group name="Fribourg" groupOwner="true">
      <operation name="view" />
      <operation name="download" />
    </group>
  </privileges>
  <public />
  <private />
</info>

