<?xml version="1.0" encoding="UTF-8"?>
<info version="1.1">
  <general>
    <createDate>2007-12-17T12:00:00</createDate>
    <changeDate>2012-04-27T14:01:13</changeDate>
    <schema>iso19139.che</schema>
    <isTemplate>false</isTemplate>
    <localId>146</localId>
    <format>full</format>
    <rating>0</rating>
    <popularity>1730</popularity>
    <uuid>664aacf5-91f8-43b1-a6b4-f01eca6cc082</uuid>
    <siteId>7ea582d4-9ddf-422e-b28f-29760a4c0147</siteId>
    <siteName>_geocat.ch direct partners</siteName>
  </general>
  <categories />
  <privileges>
    <group name="swisstopo" groupOwner="true">
      <operation name="view" />
      <operation name="download" />
      <operation name="notify" />
    </group>
  </privileges>
  <public />
  <private />
</info>

