<?xml version="1.0" encoding="UTF-8"?>

<gmd:MD_Metadata xmlns:gmd="http://www.isotc211.org/2005/gmd">
  <gmd:fileIdentifier xmlns:comp="http://www.geocat.ch/2003/05/gateway/GM03Comprehensive" xmlns:xalan="http://xml.apache.org/xalan" xmlns:che="http://www.geocat.ch/2008/che" xmlns:srv="http://www.isotc211.org/2005/srv" xmlns:gco="http://www.isotc211.org/2005/gco" xmlns:gml="http://www.opengis.net/gml" xmlns:geonet="http://www.fao.org/geonetwork">
    <gco:CharacterString>44f933c2-e7c3-4975-bca4-ac1dd37c6ad0</gco:CharacterString>
  </gmd:fileIdentifier>
  <gmd:language xmlns:comp="http://www.geocat.ch/2003/05/gateway/GM03Comprehensive" xmlns:xalan="http://xml.apache.org/xalan" xmlns:che="http://www.geocat.ch/2008/che" xmlns:srv="http://www.isotc211.org/2005/srv" xmlns:gco="http://www.isotc211.org/2005/gco" xmlns:gml="http://www.opengis.net/gml" xmlns:geonet="http://www.fao.org/geonetwork">
    <gco:CharacterString>fra</gco:CharacterString>
  </gmd:language>
  <gmd:characterSet xmlns:comp="http://www.geocat.ch/2003/05/gateway/GM03Comprehensive" xmlns:xalan="http://xml.apache.org/xalan" xmlns:che="http://www.geocat.ch/2008/che" xmlns:srv="http://www.isotc211.org/2005/srv" xmlns:gco="http://www.isotc211.org/2005/gco" xmlns:gml="http://www.opengis.net/gml" xmlns:geonet="http://www.fao.org/geonetwork">
    <gmd:MD_CharacterSetCode codeList="http://www.isotc211.org/2005/resources/codeList.xml#MD_CharacterSetCode" codeListValue="utf8" />
  </gmd:characterSet>
  <gmd:hierarchyLevel xmlns:comp="http://www.geocat.ch/2003/05/gateway/GM03Comprehensive" xmlns:xalan="http://xml.apache.org/xalan" xmlns:che="http://www.geocat.ch/2008/che" xmlns:srv="http://www.isotc211.org/2005/srv" xmlns:gco="http://www.isotc211.org/2005/gco" xmlns:gml="http://www.opengis.net/gml" xmlns:geonet="http://www.fao.org/geonetwork">
    <gmd:MD_ScopeCode codeList="http://www.isotc211.org/2005/resources/codeList.xml#MD_ScopeCode" codeListValue="dataset" />
  </gmd:hierarchyLevel>
  <gmd:contact xmlns:comp="http://www.geocat.ch/2003/05/gateway/GM03Comprehensive" xmlns:xalan="http://xml.apache.org/xalan" xmlns:xlink="http://www.w3.org/1999/xlink" xmlns:che="http://www.geocat.ch/2008/che" xmlns:srv="http://www.isotc211.org/2005/srv" xmlns:gco="http://www.isotc211.org/2005/gco" xmlns:gml="http://www.opengis.net/gml" xmlns:geonet="http://www.fao.org/geonetwork" xlink:show="embed">
    <gmd:CI_ResponsibleParty>
      <gmd:organisationName xmlns:xsi="http://www.w3.org/2001/XMLSchema-instance" xsi:type="gmd:PT_FreeText_PropertyType">
        <gmd:PT_FreeText>
          <gmd:textGroup>
            <gmd:LocalisedCharacterString locale="#FR">Centre de Compétence SIT, CCSIT</gmd:LocalisedCharacterString>
          </gmd:textGroup>
        </gmd:PT_FreeText>
      </gmd:organisationName>
      <gmd:contactInfo xmlns:xsi="http://www.w3.org/2001/XMLSchema-instance">
        <gmd:CI_Contact>
          <gmd:phone>
            <gmd:CI_Telephone />
          </gmd:phone>
          <gmd:address>
            <gmd:CI_Address>
              <gmd:city>
                <gco:CharacterString>Fribourg</gco:CharacterString>
              </gmd:city>
              <gmd:administrativeArea>
                <gco:CharacterString>Service du cadastre et de la géomatique (SCG)</gco:CharacterString>
              </gmd:administrativeArea>
              <gmd:postalCode>
                <gco:CharacterString>1701</gco:CharacterString>
              </gmd:postalCode>
              <gmd:country xsi:type="gmd:PT_FreeText_PropertyType">
                <gco:CharacterString>CH</gco:CharacterString>
              </gmd:country>
              <gmd:electronicMailAddress>
                <gco:CharacterString>Vincent.Grandgirard@fr.ch</gco:CharacterString>
              </gmd:electronicMailAddress>
            </gmd:CI_Address>
          </gmd:address>
          <gmd:onlineResource>
            <gmd:CI_OnlineResource>
              <gmd:linkage />
              <gmd:protocol>
                <gco:CharacterString>text/html</gco:CharacterString>
              </gmd:protocol>
              <gmd:name xsi:type="gmd:PT_FreeText_PropertyType">
                <gmd:PT_FreeText>
                  <gmd:textGroup>
                    <gmd:LocalisedCharacterString locale="#EN" />
                  </gmd:textGroup>
                </gmd:PT_FreeText>
              </gmd:name>
              <gmd:description xsi:type="gmd:PT_FreeText_PropertyType">
                <gmd:PT_FreeText>
                  <gmd:textGroup>
                    <gmd:LocalisedCharacterString locale="#EN" />
                  </gmd:textGroup>
                </gmd:PT_FreeText>
              </gmd:description>
            </gmd:CI_OnlineResource>
          </gmd:onlineResource>
        </gmd:CI_Contact>
      </gmd:contactInfo>
      <gmd:role xmlns:xsi="http://www.w3.org/2001/XMLSchema-instance">
        <gmd:CI_RoleCode codeListValue="pointOfContact" codeList="http://www.isotc211.org/2005/resources/codeList.xml#CI_RoleCode" />
      </gmd:role>
    </gmd:CI_ResponsibleParty>
  </gmd:contact>
  <gmd:dateStamp xmlns:comp="http://www.geocat.ch/2003/05/gateway/GM03Comprehensive" xmlns:xalan="http://xml.apache.org/xalan" xmlns:che="http://www.geocat.ch/2008/che" xmlns:srv="http://www.isotc211.org/2005/srv" xmlns:gco="http://www.isotc211.org/2005/gco" xmlns:gml="http://www.opengis.net/gml" xmlns:geonet="http://www.fao.org/geonetwork">
    <gco:DateTime>2010-03-17T13:18:14</gco:DateTime>
  </gmd:dateStamp>
  <gmd:metadataStandardName xmlns:srv="http://www.isotc211.org/2005/srv" xmlns:gmi="http://www.isotc211.org/2005/gmi" xmlns:gmx="http://www.isotc211.org/2005/gmx" xmlns:xsi="http://www.w3.org/2001/XMLSchema-instance" xmlns:gfc="http://www.isotc211.org/2005/gfc" xmlns:gco="http://www.isotc211.org/2005/gco" xmlns:xlink="http://www.w3.org/1999/xlink" xmlns:gml="http://www.opengis.net/gml">
    <gco:CharacterString>ISO 19115/19119</gco:CharacterString>
  </gmd:metadataStandardName>
  <gmd:locale xmlns:comp="http://www.geocat.ch/2003/05/gateway/GM03Comprehensive" xmlns:xalan="http://xml.apache.org/xalan" xmlns:che="http://www.geocat.ch/2008/che" xmlns:srv="http://www.isotc211.org/2005/srv" xmlns:gco="http://www.isotc211.org/2005/gco" xmlns:gml="http://www.opengis.net/gml" xmlns:geonet="http://www.fao.org/geonetwork">
    <gmd:PT_Locale id="FR">
      <gmd:languageCode>
        <gmd:LanguageCode codeList="#LanguageCode" codeListValue="fra">French</gmd:LanguageCode>
      </gmd:languageCode>
      <gmd:characterEncoding>
        <gmd:MD_CharacterSetCode codeList="#MD_CharacterSetCode" codeListValue="utf8">UTF8</gmd:MD_CharacterSetCode>
      </gmd:characterEncoding>
    </gmd:PT_Locale>
  </gmd:locale>
  <gmd:locale xmlns:comp="http://www.geocat.ch/2003/05/gateway/GM03Comprehensive" xmlns:xalan="http://xml.apache.org/xalan" xmlns:che="http://www.geocat.ch/2008/che" xmlns:srv="http://www.isotc211.org/2005/srv" xmlns:gco="http://www.isotc211.org/2005/gco" xmlns:gml="http://www.opengis.net/gml" xmlns:geonet="http://www.fao.org/geonetwork">
    <gmd:PT_Locale id="DE">
      <gmd:languageCode>
        <gmd:LanguageCode codeList="#LanguageCode" codeListValue="deu">German</gmd:LanguageCode>
      </gmd:languageCode>
      <gmd:characterEncoding>
        <gmd:MD_CharacterSetCode codeList="#MD_CharacterSetCode" codeListValue="utf8">UTF8</gmd:MD_CharacterSetCode>
      </gmd:characterEncoding>
    </gmd:PT_Locale>
  </gmd:locale>
  <gmd:locale xmlns:comp="http://www.geocat.ch/2003/05/gateway/GM03Comprehensive" xmlns:xalan="http://xml.apache.org/xalan" xmlns:che="http://www.geocat.ch/2008/che" xmlns:srv="http://www.isotc211.org/2005/srv" xmlns:gco="http://www.isotc211.org/2005/gco" xmlns:gml="http://www.opengis.net/gml" xmlns:geonet="http://www.fao.org/geonetwork">
    <gmd:PT_Locale id="IT">
      <gmd:languageCode>
        <gmd:LanguageCode codeList="#LanguageCode" codeListValue="ita">Italian</gmd:LanguageCode>
      </gmd:languageCode>
      <gmd:characterEncoding>
        <gmd:MD_CharacterSetCode codeList="#MD_CharacterSetCode" codeListValue="utf8">UTF8</gmd:MD_CharacterSetCode>
      </gmd:characterEncoding>
    </gmd:PT_Locale>
  </gmd:locale>
  <gmd:locale xmlns:comp="http://www.geocat.ch/2003/05/gateway/GM03Comprehensive" xmlns:xalan="http://xml.apache.org/xalan" xmlns:che="http://www.geocat.ch/2008/che" xmlns:srv="http://www.isotc211.org/2005/srv" xmlns:gco="http://www.isotc211.org/2005/gco" xmlns:gml="http://www.opengis.net/gml" xmlns:geonet="http://www.fao.org/geonetwork">
    <gmd:PT_Locale id="EN">
      <gmd:languageCode>
        <gmd:LanguageCode codeList="#LanguageCode" codeListValue="eng">English</gmd:LanguageCode>
      </gmd:languageCode>
      <gmd:characterEncoding>
        <gmd:MD_CharacterSetCode codeList="#MD_CharacterSetCode" codeListValue="utf8">UTF8</gmd:MD_CharacterSetCode>
      </gmd:characterEncoding>
    </gmd:PT_Locale>
  </gmd:locale>
  <gmd:identificationInfo xmlns:comp="http://www.geocat.ch/2003/05/gateway/GM03Comprehensive" xmlns:xalan="http://xml.apache.org/xalan" xmlns:che="http://www.geocat.ch/2008/che" xmlns:srv="http://www.isotc211.org/2005/srv" xmlns:gco="http://www.isotc211.org/2005/gco" xmlns:gml="http://www.opengis.net/gml" xmlns:geonet="http://www.fao.org/geonetwork">
    <gmd:MD_DataIdentification>
      <gmd:citation>
        <gmd:CI_Citation>
          <gmd:title xmlns:xsi="http://www.w3.org/2001/XMLSchema-instance" xsi:type="gmd:PT_FreeText_PropertyType">
            <gmd:PT_FreeText xmlns:xlink="http://www.w3.org/1999/xlink" xmlns:gmx="http://www.isotc211.org/2005/gmx" xmlns:gts="http://www.isotc211.org/2005/gts">
              <gmd:textGroup>
                <gmd:LocalisedCharacterString locale="#FR">Orthophoto du canton de Fribourg 2008-2009</gmd:LocalisedCharacterString>
              </gmd:textGroup>
            </gmd:PT_FreeText>
          </gmd:title>
          <gmd:date>
            <gmd:CI_Date>
              <gmd:date>
                <gco:Date>2008-07-25</gco:Date>
              </gmd:date>
              <gmd:dateType>
                <gmd:CI_DateTypeCode codeList="http://www.isotc211.org/2005/resources/codeList.xml#CI_DateTypeCode" codeListValue="creation" />
              </gmd:dateType>
            </gmd:CI_Date>
          </gmd:date>
          <gmd:date>
            <gmd:CI_Date>
              <gmd:date>
                <gco:Date>2008-08-30</gco:Date>
              </gmd:date>
              <gmd:dateType>
                <gmd:CI_DateTypeCode codeList="http://www.isotc211.org/2005/resources/codeList.xml#CI_DateTypeCode" codeListValue="creation" />
              </gmd:dateType>
            </gmd:CI_Date>
          </gmd:date>
          <gmd:date>
            <gmd:CI_Date>
              <gmd:date>
                <gco:Date>2009-05-20</gco:Date>
              </gmd:date>
              <gmd:dateType>
                <gmd:CI_DateTypeCode codeList="http://www.isotc211.org/2005/resources/codeList.xml#CI_DateTypeCode" codeListValue="creation" />
              </gmd:dateType>
            </gmd:CI_Date>
          </gmd:date>
          <gmd:date>
            <gmd:CI_Date>
              <gmd:date>
                <gco:Date>2009-07-26</gco:Date>
              </gmd:date>
              <gmd:dateType>
                <gmd:CI_DateTypeCode codeList="http://www.isotc211.org/2005/resources/codeList.xml#CI_DateTypeCode" codeListValue="creation" />
              </gmd:dateType>
            </gmd:CI_Date>
          </gmd:date>
          <gmd:date>
            <gmd:CI_Date>
              <gmd:date>
                <gco:Date>2009-06-17</gco:Date>
              </gmd:date>
              <gmd:dateType>
                <gmd:CI_DateTypeCode codeList="http://www.isotc211.org/2005/resources/codeList.xml#CI_DateTypeCode" codeListValue="creation" />
              </gmd:dateType>
            </gmd:CI_Date>
          </gmd:date>
          <gmd:presentationForm>
            <gmd:CI_PresentationFormCode codeList="http://www.isotc211.org/2005/resources/codeList.xml#CI_PresentationFormCode" codeListValue="imageDigital" />
          </gmd:presentationForm>
        </gmd:CI_Citation>
      </gmd:citation>
      <gmd:abstract xmlns:xsi="http://www.w3.org/2001/XMLSchema-instance" xsi:type="gmd:PT_FreeText_PropertyType">
        <gmd:PT_FreeText xmlns:xlink="http://www.w3.org/1999/xlink" xmlns:gmx="http://www.isotc211.org/2005/gmx" xmlns:gts="http://www.isotc211.org/2005/gts">
          <gmd:textGroup>
            <gmd:LocalisedCharacterString locale="#FR">Orthophotographie à 25cm couleur et infrarouge du territoire cantonal de Fribourg. Elle est basée sur des prises de vues aériennes effectuées avec une caméra numérique. Bien qu'intégralement programmé en 2008, le survol complet du territoire n'a pas été possible en raison de la météo et des conditions limitées de vol . Un premier lot a donc été volé en 2008 et un second en 2009 afin de compléter la couverture du canton.</gmd:LocalisedCharacterString>
          </gmd:textGroup>
        </gmd:PT_FreeText>
      </gmd:abstract>
      <gmd:status>
        <gmd:MD_ProgressCode codeList="http://www.isotc211.org/2005/resources/codeList.xml#MD_ProgressCode" codeListValue="completed" />
      </gmd:status>
      <gmd:pointOfContact xmlns:xlink="http://www.w3.org/1999/xlink" xlink:show="embed">
        <gmd:CI_ResponsibleParty>
          <gmd:organisationName xmlns:xsi="http://www.w3.org/2001/XMLSchema-instance" xsi:type="gmd:PT_FreeText_PropertyType">
            <gmd:PT_FreeText>
              <gmd:textGroup>
                <gmd:LocalisedCharacterString locale="#FR">Service du cadastre et de la géomatique</gmd:LocalisedCharacterString>
              </gmd:textGroup>
            </gmd:PT_FreeText>
          </gmd:organisationName>
          <gmd:positionName xmlns:xsi="http://www.w3.org/2001/XMLSchema-instance" xsi:type="gmd:PT_FreeText_PropertyType">
            <gmd:PT_FreeText>
              <gmd:textGroup>
                <gmd:LocalisedCharacterString locale="#FR">Géomètre cantonal adjoint</gmd:LocalisedCharacterString>
              </gmd:textGroup>
            </gmd:PT_FreeText>
          </gmd:positionName>
          <gmd:contactInfo xmlns:xsi="http://www.w3.org/2001/XMLSchema-instance">
            <gmd:CI_Contact>
              <gmd:phone>
                <gmd:CI_Telephone />
              </gmd:phone>
              <gmd:address>
                <gmd:CI_Address>
                  <gmd:city>
                    <gco:CharacterString>Fribourg</gco:CharacterString>
                  </gmd:city>
                  <gmd:postalCode>
                    <gco:CharacterString>1701</gco:CharacterString>
                  </gmd:postalCode>
                  <gmd:country xsi:type="gmd:PT_FreeText_PropertyType">
                    <gco:CharacterString>CH</gco:CharacterString>
                  </gmd:country>
                  <gmd:electronicMailAddress>
                    <gco:CharacterString>Maurice.Robadey@fr.ch</gco:CharacterString>
                  </gmd:electronicMailAddress>
                </gmd:CI_Address>
              </gmd:address>
              <gmd:onlineResource>
                <gmd:CI_OnlineResource>
                  <gmd:linkage />
                  <gmd:protocol>
                    <gco:CharacterString>text/html</gco:CharacterString>
                  </gmd:protocol>
                  <gmd:name xsi:type="gmd:PT_FreeText_PropertyType">
                    <gmd:PT_FreeText>
                      <gmd:textGroup>
                        <gmd:LocalisedCharacterString locale="#EN" />
                      </gmd:textGroup>
                    </gmd:PT_FreeText>
                  </gmd:name>
                  <gmd:description xsi:type="gmd:PT_FreeText_PropertyType">
                    <gmd:PT_FreeText>
                      <gmd:textGroup>
                        <gmd:LocalisedCharacterString locale="#EN" />
                      </gmd:textGroup>
                    </gmd:PT_FreeText>
                  </gmd:description>
                </gmd:CI_OnlineResource>
              </gmd:onlineResource>
            </gmd:CI_Contact>
          </gmd:contactInfo>
          <gmd:role xmlns:xsi="http://www.w3.org/2001/XMLSchema-instance">
            <gmd:CI_RoleCode codeListValue="owner" codeList="http://www.isotc211.org/2005/resources/codeList.xml#CI_RoleCode" />
          </gmd:role>
        </gmd:CI_ResponsibleParty>
      </gmd:pointOfContact>
      <gmd:resourceFormat xmlns:xlink="http://www.w3.org/1999/xlink">
        <gmd:MD_Format>
          <gmd:name>
            <gco:CharacterString>TIFF</gco:CharacterString>
          </gmd:name>
          <gmd:version>
            <gco:CharacterString>-</gco:CharacterString>
          </gmd:version>
        </gmd:MD_Format>
      </gmd:resourceFormat>
      <gmd:descriptiveKeywords xmlns:xlink="http://www.w3.org/1999/xlink" xlink:show="embed">
        <gmd:MD_Keywords xmlns:skos="http://www.w3.org/2004/02/skos/core#" xmlns:xsi="http://www.w3.org/2001/XMLSchema-instance">
          <gmd:keyword xsi:type="gmd:PT_FreeText_PropertyType">
            <gmd:PT_FreeText>
              <gmd:textGroup>
                <gmd:LocalisedCharacterString locale="#EN">colour</gmd:LocalisedCharacterString>
              </gmd:textGroup>
              <gmd:textGroup>
                <gmd:LocalisedCharacterString locale="#IT">colore</gmd:LocalisedCharacterString>
              </gmd:textGroup>
              <gmd:textGroup>
                <gmd:LocalisedCharacterString locale="#DE">Farbe</gmd:LocalisedCharacterString>
              </gmd:textGroup>
              <gmd:textGroup>
                <gmd:LocalisedCharacterString locale="#FR">couleur</gmd:LocalisedCharacterString>
              </gmd:textGroup>
            </gmd:PT_FreeText>
          </gmd:keyword>
          <gmd:thesaurusName>
            <gmd:CI_Citation>
              <gmd:title>
                <gco:CharacterString>external._none_.gemet</gco:CharacterString>
              </gmd:title>
              <gmd:date gco:nilReason="missing" />
            </gmd:CI_Citation>
          </gmd:thesaurusName>
        </gmd:MD_Keywords>
      </gmd:descriptiveKeywords>
      <gmd:descriptiveKeywords xmlns:xlink="http://www.w3.org/1999/xlink" xlink:show="embed">
        <gmd:MD_Keywords xmlns:skos="http://www.w3.org/2004/02/skos/core#" xmlns:xsi="http://www.w3.org/2001/XMLSchema-instance">
          <gmd:keyword xsi:type="gmd:PT_FreeText_PropertyType">
            <gmd:PT_FreeText>
              <gmd:textGroup>
                <gmd:LocalisedCharacterString locale="#EN">Orthophoto</gmd:LocalisedCharacterString>
              </gmd:textGroup>
              <gmd:textGroup>
                <gmd:LocalisedCharacterString locale="#IT">ortofoto</gmd:LocalisedCharacterString>
              </gmd:textGroup>
              <gmd:textGroup>
                <gmd:LocalisedCharacterString locale="#DE">Orthofoto</gmd:LocalisedCharacterString>
              </gmd:textGroup>
              <gmd:textGroup>
                <gmd:LocalisedCharacterString locale="#FR">Orthophoto</gmd:LocalisedCharacterString>
              </gmd:textGroup>
            </gmd:PT_FreeText>
          </gmd:keyword>
          <gmd:thesaurusName>
            <gmd:CI_Citation>
              <gmd:title>
                <gco:CharacterString>local._none_.geocat.ch</gco:CharacterString>
              </gmd:title>
              <gmd:date gco:nilReason="missing" />
            </gmd:CI_Citation>
          </gmd:thesaurusName>
        </gmd:MD_Keywords>
      </gmd:descriptiveKeywords>
      <gmd:descriptiveKeywords xmlns:xlink="http://www.w3.org/1999/xlink" xlink:show="embed">
        <gmd:MD_Keywords xmlns:skos="http://www.w3.org/2004/02/skos/core#" xmlns:xsi="http://www.w3.org/2001/XMLSchema-instance">
          <gmd:keyword xsi:type="gmd:PT_FreeText_PropertyType">
            <gmd:PT_FreeText>
              <gmd:textGroup>
                <gmd:LocalisedCharacterString locale="#EN">aerial photograph</gmd:LocalisedCharacterString>
              </gmd:textGroup>
              <gmd:textGroup>
                <gmd:LocalisedCharacterString locale="#IT">fotografia aerea (immagine)</gmd:LocalisedCharacterString>
              </gmd:textGroup>
              <gmd:textGroup>
                <gmd:LocalisedCharacterString locale="#DE">Luftbild</gmd:LocalisedCharacterString>
              </gmd:textGroup>
              <gmd:textGroup>
                <gmd:LocalisedCharacterString locale="#FR">photographie aérienne</gmd:LocalisedCharacterString>
              </gmd:textGroup>
            </gmd:PT_FreeText>
          </gmd:keyword>
          <gmd:thesaurusName>
            <gmd:CI_Citation>
              <gmd:title>
                <gco:CharacterString>external._none_.gemet</gco:CharacterString>
              </gmd:title>
              <gmd:date gco:nilReason="missing" />
            </gmd:CI_Citation>
          </gmd:thesaurusName>
        </gmd:MD_Keywords>
      </gmd:descriptiveKeywords>
      <gmd:resourceConstraints>
        <gmd:MD_LegalConstraints>
          <gmd:useLimitation xmlns:xsi="http://www.w3.org/2001/XMLSchema-instance" xsi:type="gmd:PT_FreeText_PropertyType">
            <gmd:PT_FreeText xmlns:xlink="http://www.w3.org/1999/xlink" xmlns:gmx="http://www.isotc211.org/2005/gmx" xmlns:gts="http://www.isotc211.org/2005/gts">
              <gmd:textGroup>
                <gmd:LocalisedCharacterString locale="#FR">Le service du cadastre et de la géomatique se charge de la vente de ces données à des tiers privés, de leur diffusion aux communes et de leur mise à disposition aux bureaux de géomètres dans le cadre de la MO. Les orthophotos peuvent être utilisées librement par les services de l'administration cantonale. Elles peuvent en outre être fournies aux sociétés mandatées par le canton, moyennant l'établissement d'un contrat par lequel ces dernières s'engagent à ne pas transmettre les données à des tiers et à effacer les données après l'achèvement de leur mandat.</gmd:LocalisedCharacterString>
              </gmd:textGroup>
            </gmd:PT_FreeText>
          </gmd:useLimitation>
          <gmd:accessConstraints>
            <gmd:MD_RestrictionCode codeList="http://www.isotc211.org/2005/resources/codeList.xml#MD_RestrictionCode" codeListValue="restricted" />
          </gmd:accessConstraints>
          <gmd:useConstraints>
            <gmd:MD_RestrictionCode codeList="http://www.isotc211.org/2005/resources/codeList.xml#MD_RestrictionCode" codeListValue="restricted" />
          </gmd:useConstraints>
          <gmd:otherConstraints xmlns:xsi="http://www.w3.org/2001/XMLSchema-instance" xsi:type="gmd:PT_FreeText_PropertyType">
            <gmd:PT_FreeText xmlns:xlink="http://www.w3.org/1999/xlink" xmlns:gmx="http://www.isotc211.org/2005/gmx" xmlns:gts="http://www.isotc211.org/2005/gts">
              <gmd:textGroup>
                <gmd:LocalisedCharacterString locale="#FR">L'utilisation des orthophotos au sein de l'administration cantonale est soumise à des conditions particulières. Les données doivent être protégées contre les accès non autorisés. Les données ne deviennent pas propriété de l'utilisateur. La mise en consultation sur un serveur web est autorisée dans la mesure où il ne s'agit que d'extraits dégradés (couleur et résolution) de l'image et que les fichiers ne peuvent pas être téléchargés. Toute publication commerciale des données ou d'une partie de celles-ci, sous leur forme originale ou sous une forme dérivée, est soumise à l'autorisation de l'Etat de Fribourg, par son Service du cadastre et de la géomatique. Toutes les reproductions graphiques devront visiblement porter la mention « Orthophoto 2008-09, © Etat de Fribourg » (fonte arial, gras, 8 pts au minimum). L'indication "Service du cadastre et de la géomatique" après "Etat de Fribourg" est optionnelle. Pour des raisons techniques, l'exactitude de ces données ne peut être garantie.</gmd:LocalisedCharacterString>
              </gmd:textGroup>
            </gmd:PT_FreeText>
          </gmd:otherConstraints>
        </gmd:MD_LegalConstraints>
      </gmd:resourceConstraints>
      <gmd:spatialRepresentationType>
        <gmd:MD_SpatialRepresentationTypeCode codeList="http://www.isotc211.org/2005/resources/codeList.xml#MD_SpatialRepresentationTypeCode" codeListValue="grid" />
      </gmd:spatialRepresentationType>
      <gmd:spatialResolution>
        <gmd:MD_Resolution>
          <gmd:distance>
            <gco:Distance uom="m">0.25</gco:Distance>
          </gmd:distance>
        </gmd:MD_Resolution>
      </gmd:spatialResolution>
      <gmd:language>
        <gco:CharacterString>fra</gco:CharacterString>
      </gmd:language>
      <gmd:characterSet>
        <gmd:MD_CharacterSetCode codeList="http://www.isotc211.org/2005/resources/codeList.xml#MD_CharacterSetCode" codeListValue="utf8" />
      </gmd:characterSet>
      <gmd:topicCategory>
        <gmd:MD_TopicCategoryCode>imageryBaseMapsEarthCover</gmd:MD_TopicCategoryCode>
      </gmd:topicCategory>
      <gmd:environmentDescription xmlns:xsi="http://www.w3.org/2001/XMLSchema-instance" xsi:type="gmd:PT_FreeText_PropertyType">
        <gmd:PT_FreeText xmlns:xlink="http://www.w3.org/1999/xlink" xmlns:gmx="http://www.isotc211.org/2005/gmx" xmlns:gts="http://www.isotc211.org/2005/gts">
          <gmd:textGroup>
            <gmd:LocalisedCharacterString locale="#FR">Ces orthophotos sont disponibles en différents formats et compressions (GeoTIFF non compressés et ECW) et en différentes résolutions (25 cm, 50 cm, 1 m, 2 m, 5m et 10m). Orthophoto : V:\RASTER\SCG\Orthophotos_2008-2009</gmd:LocalisedCharacterString>
          </gmd:textGroup>
        </gmd:PT_FreeText>
      </gmd:environmentDescription>
      <gmd:extent xmlns="http://www.isotc211.org/2005/gmd" xmlns:xlink="http://www.w3.org/1999/xlink" xlink:show="embed">
        <gmd:EX_Extent>
          <gmd:description xmlns:xsi="http://www.w3.org/2001/XMLSchema-instance" xsi:type="gmd:PT_FreeText_PropertyType">
            <gmd:PT_FreeText>
              <gmd:textGroup>
                <gmd:LocalisedCharacterString locale="#EN">Fribourg</gmd:LocalisedCharacterString>
              </gmd:textGroup>
            </gmd:PT_FreeText>
          </gmd:description>
          <gmd:geographicElement>
            <gmd:EX_GeographicDescription>
              <gmd:geographicIdentifier>
                <gmd:MD_Identifier>
                  <gmd:code xmlns:xsi="http://www.w3.org/2001/XMLSchema-instance" xsi:type="gmd:PT_FreeText_PropertyType">
                    <gmd:PT_FreeText>
                      <gmd:textGroup>
                        <gmd:LocalisedCharacterString locale="#EN">FR</gmd:LocalisedCharacterString>
                      </gmd:textGroup>
                    </gmd:PT_FreeText>
                  </gmd:code>
                </gmd:MD_Identifier>
              </gmd:geographicIdentifier>
            </gmd:EX_GeographicDescription>
          </gmd:geographicElement>
          <gmd:geographicElement>
            <gmd:EX_BoundingPolygon>
              <gmd:extentTypeCode>
                <gco:Boolean>1</gco:Boolean>
              </gmd:extentTypeCode>
              <gmd:polygon>
                <gml:MultiSurface gml:id="Nd599dc7d988049b5b3b9db88d15c5f4a">
                  <gml:surfaceMember>
                    <gml:Polygon gml:id="N6048479792f04ef1bba5dfebd1581557">
                      <gml:exterior>
                        <gml:LinearRing>
                          <gml:posList>6.93 46.9 6.924 46.904 6.922 46.906 6.896 46.925 6.929 46.953 6.962 46.927 6.972 46.921 6.978 46.923 6.988 46.918 6.982 46.914 6.984 46.908 7.009 46.889 6.994 46.879 6.999 46.874 7.007 46.873 7.016 46.881 7.032 46.876 7.036 46.873 7.03 46.866 7.039 46.859 7.029 46.851 7.035 46.847 7.038 46.845 7.05 46.855 7.058 46.862 7.067 46.869 7.071 46.873 7.066 46.881 7.062 46.88 7.062 46.884 7.08 46.894 7.074 46.895 7.083 46.896 7.091 46.892 7.1 46.898 7.091 46.904 7.09 46.908 7.084 46.913 7.06 46.937 7.06 46.951 7.056 46.955 7.06 46.956 7.063 46.971 7.041 46.979 7.04 46.98 7.058 46.977 7.09 46.977 7.138 46.983 7.147 46.985 7.16 46.987 7.171 46.991 7.179 46.994 7.187 46.997 7.2 47.002 7.205 47.006 7.217 47.006 7.226 46.999 7.223 46.994 7.229 46.991 7.236 46.985 7.231 46.981 7.223 46.975 7.215 46.971 7.214 46.967 7.195 46.964 7.194 46.961 7.2 46.959 7.206 46.96 7.211 46.957 7.208 46.949 7.21 46.943 7.204 46.938 7.212 46.931 7.211 46.927 7.205 46.922 7.207 46.91 7.204 46.906 7.188 46.9 7.195 46.899 7.2 46.902 7.208 46.903 7.218 46.897 7.223 46.903 7.23 46.904 7.237 46.898 7.257 46.898 7.281 46.89 7.29 46.894 7.309 46.892 7.326 46.894 7.349 46.889 7.354 46.886 7.352 46.876 7.359 46.863 7.349 46.853 7.338 46.85 7.326 46.852 7.323 46.855 7.331 46.858 7.316 46.863 7.312 46.856 7.302 46.852 7.33 46.835 7.33 46.83 7.32 46.825 7.317 46.814 7.302 46.794 7.303 46.789 7.305 46.783 7.292 46.774 7.296 46.765 7.303 46.76 7.303 46.754 7.304 46.748 7.297 46.737 7.299 46.723 7.308 46.717 7.35 46.712 7.346 46.699 7.36 46.698 7.377 46.689 7.373 46.68 7.376 46.675 7.371 46.669 7.369 46.656 7.377 46.656 7.358 46.643 7.346 46.655 7.324 46.655 7.33 46.642 7.323 46.637 7.313 46.637 7.312 46.622 7.318 46.616 7.315 46.6 7.321 46.592 7.313 46.589 7.308 46.581 7.299 46.579 7.281 46.584 7.26 46.563 7.237 46.554 7.223 46.548 7.208 46.533 7.192 46.547 7.171 46.533 7.159 46.527 7.148 46.528 7.136 46.509 7.123 46.499 7.11 46.495 7.1 46.487 7.078 46.489 7.072 46.486 7.066 46.489 7.061 46.487 7.023 46.462 7.018 46.447 6.984 46.438 6.992 46.449 6.98 46.459 6.978 46.473 6.981 46.475 6.975 46.479 6.971 46.491 6.962 46.497 6.948 46.501 6.934 46.502 6.925 46.508 6.91 46.512 6.901 46.513 6.896 46.508 6.897 46.519 6.883 46.513 6.882 46.513 6.866 46.501 6.863 46.494 6.858 46.493 6.848 46.494 6.833 46.505 6.83 46.512 6.824 46.512 6.812 46.526 6.824 46.541 6.832 46.537 6.851 46.541 6.855 46.541 6.861 46.531 6.867 46.541 6.868 46.542 6.888 46.558 6.893 46.559 6.902 46.561 6.898 46.571 6.885 46.562 6.874 46.565 6.872 46.57 6.865 46.576 6.853 46.582 6.842 46.582 6.841 46.58 6.835 46.575 6.829 46.577 6.814 46.586 6.813 46.578 6.799 46.574 6.795 46.575 6.799 46.584 6.801 46.593 6.798 46.6 6.802 46.601 6.804 46.609 6.797 46.634 6.803 46.645 6.799 46.649 6.818 46.648 6.828 46.66 6.838 46.663 6.844 46.661 6.854 46.656 6.863 46.658 6.872 46.673 6.865 46.676 6.863 46.681 6.866 46.684 6.873 46.683 6.881 46.69 6.893 46.7 6.892 46.703 6.898 46.708 6.921 46.722 6.922 46.724 6.934 46.732 6.936 46.733 6.941 46.745 6.938 46.749 6.931 46.754 6.911 46.753 6.908 46.758 6.914 46.763 6.92 46.76 6.929 46.767 6.939 46.782 6.951 46.785 6.959 46.79 6.956 46.793 6.967 46.803 6.958 46.811 6.958 46.819 6.965 46.828 6.971 46.824 6.985 46.822 6.993 46.83 6.985 46.841 6.992 46.848 6.99 46.85 6.983 46.846 6.976 46.847 6.982 46.867 6.989 46.873 6.987 46.875 6.974 46.887 6.962 46.884 6.959 46.879 6.97 46.867 6.965 46.865 6.939 46.89 6.926 46.893 6.924 46.895 6.93 46.9</gml:posList>
                        </gml:LinearRing>
                      </gml:exterior>
                      <gml:interior>
                        <gml:LinearRing>
                          <gml:posList>7.124 46.901 7.138 46.908 7.136 46.917 7.132 46.919 7.115 46.916 7.113 46.911 7.119 46.902 7.124 46.901</gml:posList>
                        </gml:LinearRing>
                      </gml:interior>
                    </gml:Polygon>
                  </gml:surfaceMember>
                  <gml:surfaceMember>
                    <gml:Polygon gml:id="N2616c9eaa4da4a36a6cf6b735793304c">
                      <gml:exterior>
                        <gml:LinearRing>
                          <gml:posList>6.767 46.809 6.742 46.827 6.78 46.853 6.866 46.909 6.891 46.887 6.904 46.879 6.911 46.881 6.921 46.871 6.912 46.867 6.892 46.865 6.896 46.861 6.913 46.866 6.93 46.854 6.919 46.847 6.908 46.835 6.905 46.824 6.911 46.813 6.905 46.806 6.907 46.805 6.913 46.804 6.92 46.81 6.931 46.806 6.917 46.787 6.911 46.78 6.907 46.783 6.894 46.777 6.877 46.776 6.864 46.781 6.864 46.784 6.853 46.786 6.843 46.779 6.84 46.781 6.833 46.775 6.818 46.778 6.814 46.779 6.805 46.786 6.798 46.783 6.783 46.793 6.776 46.79 6.787 46.8 6.784 46.803 6.779 46.801 6.777 46.803 6.767 46.809</gml:posList>
                        </gml:LinearRing>
                      </gml:exterior>
                    </gml:Polygon>
                  </gml:surfaceMember>
                  <gml:surfaceMember>
                    <gml:Polygon gml:id="N27d621093ad84b92a5820bbdcd0f2e59">
                      <gml:exterior>
                        <gml:LinearRing>
                          <gml:posList>6.829 46.753 6.829 46.756 6.844 46.765 6.846 46.771 6.85 46.775 6.86 46.766 6.86 46.764 6.868 46.76 6.873 46.758 6.882 46.75 6.867 46.733 6.868 46.728 6.862 46.725 6.852 46.726 6.852 46.727 6.838 46.733 6.828 46.735 6.817 46.733 6.811 46.728 6.806 46.727 6.788 46.728 6.794 46.736 6.798 46.734 6.816 46.738 6.829 46.753</gml:posList>
                        </gml:LinearRing>
                      </gml:exterior>
                    </gml:Polygon>
                  </gml:surfaceMember>
                  <gml:surfaceMember>
                    <gml:Polygon gml:id="N93c2d91ce5e2412fa911b0d88c97141a">
                      <gml:exterior>
                        <gml:LinearRing>
                          <gml:posList>6.759 46.725 6.749 46.732 6.768 46.744 6.773 46.751 6.786 46.748 6.784 46.735 6.771 46.721 6.763 46.717 6.759 46.722 6.759 46.725</gml:posList>
                        </gml:LinearRing>
                      </gml:exterior>
                    </gml:Polygon>
                  </gml:surfaceMember>
                </gml:MultiSurface>
              </gmd:polygon>
            </gmd:EX_BoundingPolygon>
          </gmd:geographicElement>
          <gmd:geographicElement>
            <gmd:EX_GeographicBoundingBox>
              <gmd:extentTypeCode>
                <gco:Boolean>1</gco:Boolean>
              </gmd:extentTypeCode>
              <gmd:westBoundLongitude>
                <gco:Decimal>6.742</gco:Decimal>
              </gmd:westBoundLongitude>
              <gmd:eastBoundLongitude>
                <gco:Decimal>7.377</gco:Decimal>
              </gmd:eastBoundLongitude>
              <gmd:southBoundLatitude>
                <gco:Decimal>46.438</gco:Decimal>
              </gmd:southBoundLatitude>
              <gmd:northBoundLatitude>
                <gco:Decimal>47.006</gco:Decimal>
              </gmd:northBoundLatitude>
            </gmd:EX_GeographicBoundingBox>
          </gmd:geographicElement>
        </gmd:EX_Extent>
      </gmd:extent>
    </gmd:MD_DataIdentification>
  </gmd:identificationInfo>
  <gmd:distributionInfo xmlns:che="http://www.geocat.ch/2008/che" xmlns:srv="http://www.isotc211.org/2005/srv" xmlns:gco="http://www.isotc211.org/2005/gco" xmlns:gml="http://www.opengis.net/gml" xmlns:geonet="http://www.fao.org/geonetwork">
    <gmd:MD_Distribution>
      <gmd:distributionFormat xmlns:xlink="http://www.w3.org/1999/xlink">
        <gmd:MD_Format>
          <gmd:name>
            <gco:CharacterString>TIFF</gco:CharacterString>
          </gmd:name>
          <gmd:version>
            <gco:CharacterString>-</gco:CharacterString>
          </gmd:version>
        </gmd:MD_Format>
      </gmd:distributionFormat>
      <gmd:transferOptions>
        <gmd:MD_DigitalTransferOptions>
          <gmd:onLine>
            <gmd:CI_OnlineResource>
              <gmd:linkage />
              <gmd:protocol gco:nilReason="missing">
                <gco:CharacterString />
              </gmd:protocol>
              <gmd:name gco:nilReason="missing">
                <gco:CharacterString />
              </gmd:name>
              <gmd:description xmlns:xsi="http://www.w3.org/2001/XMLSchema-instance" xsi:type="gmd:PT_FreeText_PropertyType">
                <gmd:PT_FreeText xmlns:xlink="http://www.w3.org/1999/xlink" xmlns:gmx="http://www.isotc211.org/2005/gmx" xmlns:gts="http://www.isotc211.org/2005/gts">
                  <gmd:textGroup>
                    <gmd:LocalisedCharacterString locale="#FR">Guichet cartographique du canton de Fribourg.</gmd:LocalisedCharacterString>
                  </gmd:textGroup>
                </gmd:PT_FreeText>
              </gmd:description>
            </gmd:CI_OnlineResource>
          </gmd:onLine>
        </gmd:MD_DigitalTransferOptions>
      </gmd:transferOptions>
    </gmd:MD_Distribution>
  </gmd:distributionInfo>
  <gmd:dataQualityInfo xmlns:comp="http://www.geocat.ch/2003/05/gateway/GM03Comprehensive" xmlns:xalan="http://xml.apache.org/xalan" xmlns:gmi="http://www.isotc211.org/2005/gmi" xmlns:che="http://www.geocat.ch/2008/che" xmlns:srv="http://www.isotc211.org/2005/srv" xmlns:gco="http://www.isotc211.org/2005/gco" xmlns:gml="http://www.opengis.net/gml" xmlns:geonet="http://www.fao.org/geonetwork">
    <gmd:DQ_DataQuality>
      <gmd:scope>
        <gmd:DQ_Scope>
          <gmd:level>
            <gmd:MD_ScopeCode codeList="http://www.isotc211.org/2005/resources/codeList.xml#MD_ScopeCode" codeListValue="dataset" />
          </gmd:level>
        </gmd:DQ_Scope>
      </gmd:scope>
      <gmd:lineage>
        <gmd:LI_Lineage>
          <gmd:statement xmlns:xsi="http://www.w3.org/2001/XMLSchema-instance" xsi:type="gmd:PT_FreeText_PropertyType">
            <gmd:PT_FreeText xmlns:xlink="http://www.w3.org/1999/xlink" xmlns:gmx="http://www.isotc211.org/2005/gmx" xmlns:gts="http://www.isotc211.org/2005/gts">
              <gmd:textGroup>
                <gmd:LocalisedCharacterString locale="#FR">L'orthophotographie 2008-2009 est basée sur des prises de vues aériennes effectuées avec une caméra numérique. Pendant le vol, la position de l'avion est enregistrée grâce au GPS. Les images brutes ont été orientées et redressées à l'aide de points de calage, de points de contrôle et d'un modèle numérique de terrain (MNT-MO). Chaque image a ainsi été repositionnée dans le système de coordonnées national et étirée ou compressée pour compenser les effets du relief sur les prises de vues. Les images géoréférencées ont ensuite été assemblées pour former une mosaïque de tuiles rectangulaires dont l'étendue équivaut à un seizième de carte nationale au 1:25'000. Chaque image est composée de 17'500 x 12'000 pixels.</gmd:LocalisedCharacterString>
              </gmd:textGroup>
            </gmd:PT_FreeText>
          </gmd:statement>
        </gmd:LI_Lineage>
      </gmd:lineage>
    </gmd:DQ_DataQuality>
  </gmd:dataQualityInfo>
</gmd:MD_Metadata>